x,y,w,theta_x,theta_y
0.000000000000000000e+00,0.000000000000000000e+00,0.000000000000000000e+00,-7.125683522501439730e-11,-7.125683522501420343e-11
3.125000000000000000e-02,0.000000000000000000e+00,0.000000000000000000e+00,-1.435562687027271897e-10,-2.217636058958325050e-11
6.250000000000000000e-02,0.000000000000000000e+00,0.000000000000000000e+00,-9.920529143388497984e-10,-4.494133050299183897e-11
9.375000000000000000e-02,0.000000000000000000e+00,0.000000000000000000e+00,-3.004063507549347348e-09,-3.190045399290283370e-11
1.250000000000000000e-01,0.000000000000000000e+00,0.000000000000000000e+00,-6.809086475172538936e-09,-3.296832415439219394e-11
1.562500000000000000e-01,0.000000000000000000e+00,0.000000000000000000e+00,-1.293442446802346552e-08,-2.616665632248122837e-11
1.875000000000000000e-01,0.000000000000000000e+00,0.000000000000000000e+00,-2.187634080077710600e-08,-2.239235172592648690e-11
2.187500000000000000e-01,0.000000000000000000e+00,0.000000000000000000e+00,-3.405359656092882739e-08,-1.707875607862479993e-11
2.500000000000000000e-01,0.000000000000000000e+00,0.000000000000000000e+00,-4.981326768862856125e-08,-1.099870815715389721e-11
2.812500000000000000e-01,0.000000000000000000e+00,0.000000000000000000e+00,-6.942006830828417000e-08,-4.471143980539443318e-12
3.125000000000000000e-01,0.000000000000000000e+00,0.000000000000000000e+00,-9.304420348527844122e-08,2.465153474883490559e-12
3.437500000000000000e-01,0.000000000000000000e+00,0.000000000000000000e+00,-1.207533070218216843e-07,9.767589369423242850e-12
3.750000000000000000e-01,0.000000000000000000e+00,0.000000000000000000e+00,-1.525060401843353487e-07,1.717075370274946700e-11
4.062500000000000000e-01,0.000000000000000000e+00,0.000000000000000000e+00,-1.881461891119997190e-07,2.483011026270738490e-11
4.375000000000000000e-01,0.000000000000000000e+00,0.000000000000000000e+00,-2.274004776464852920e-07,3.246007808223585698e-11
4.687500000000000000e-01,0.000000000000000000e+00,0.000000000000000000e+00,-2.698758970396252842e-07,3.998333514604677620e-11
5.000000000000000000e-01,0.000000000000000000e+00,0.000000000000000000e+00,-3.150590093746935163e-07,4.683240901218865758e-11
5.312500000000000000e-01,0.000000000000000000e+00,0.000000000000000000e+00,-3.623175308161352678e-07,5.386949340186422807e-11
5.625000000000000000e-01,0.000000000000000000e+00,0.000000000000000000e+00,-4.109078762771647341e-07,6.067356235106766273e-11
5.937500000000000000e-01,0.000000000000000000e+00,0.000000000000000000e+00,-4.599814810660213933e-07,6.431975568488779968e-11
6.250000000000000000e-01,0.000000000000000000e+00,0.000000000000000000e+00,-5.085806414642617903e-07,7.202343372720209487e-11
6.562500000000000000e-01,0.000000000000000000e+00,0.000000000000000000e+00,-5.556582374145421044e-07,8.385005089588233395e-11
6.875000000000000000e-01,0.000000000000000000e+00,0.000000000000000000e+00,-6.001052755109888821e-07,6.468958059374512703e-11
7.187500000000000000e-01,0.000000000000000000e+00,0.000000000000000000e+00,-6.406470790385370887e-07,8.797603415104517125e-11
7.500000000000000000e-01,0.000000000000000000e+00,0.000000000000000000e+00,-6.759406392241164392e-07,1.943999553265723295e-10
7.812500000000000000e-01,0.000000000000000000e+00,0.000000000000000000e+00,-7.048897664342545807e-07,-7.720594392655244468e-11
8.125000000000000000e-01,0.000000000000000000e+00,0.000000000000000000e+00,-7.253268462458865089e-07,5.263409100996975560e-12
8.437500000000000000e-01,0.000000000000000000e+00,0.000000000000000000e+00,-7.347482937097274110e-07,1.356432388057223783e-09
8.750000000000000000e-01,0.000000000000000000e+00,0.000000000000000000e+00,-7.352224311142324705e-07,-1.590475335854643706e-09
9.062500000000000000e-01,0.000000000000000000e+00,0.000000000000000000e+00,-7.215134109946671258e-07,-3.458393002194821404e-09
9.375000000000000000e-01,0.000000000000000000e+00,0.000000000000000000e+00,-6.513448876172819312e-07,3.826042590098977943e-08
9.687500000000000000e-01,0.000000000000000000e+00,0.000000000000000000e+00,-6.761402498958332366e-07,-9.189461655598771496e-08
1.000000000000000000e+00,0.000000000000000000e+00,0.000000000000000000e+00,-1.982594414447322008e-07,1.982594414448209540e-07
2.706329386826370961e-02,1.562499999999999827e-02,0.000000000000000000e+00,-2.217636058960206886e-11,-1.435562687027462148e-10
5.831329386826371308e-02,1.562499999999999827e-02,-1.099583176206164598e-09,-1.034207198629671944e-09,-1.034207198629671531e-09
8.956329386826371308e-02,1.562499999999999827e-02,-4.508822827255279215e-09,-3.709309458048273092e-09,-2.445904622725870627e-09
1.208132938682637131e-01,1.562499999999999827e-02,-1.132337919983832258e-08,-8.593717193186377546e-09,-4.440845000535824525e-09
1.520632938682636992e-01,1.562499999999999827e-02,-2.266267550694337388e-08,-1.620110873295703672e-08,-6.958709799898522921e-09
1.833132938682636992e-01,1.562499999999999827e-02,-3.951181862081005942e-08,-2.697454621345438973e-08,-9.943903706545131428e-09
2.145632938682636992e-01,1.562499999999999827e-02,-6.273655730792435789e-08,-4.128368215666552532e-08,-1.332367091960964491e-08
2.458132938682636992e-01,1.562499999999999827e-02,-9.305250423676808256e-08,-5.942428384285471652e-08,-1.702341817153964394e-08
2.770632938682637270e-01,1.562499999999999827e-02,-1.310128189939789872e-07,-8.159750387602131073e-08,-2.095520385939242178e-08
3.083132938682637270e-01,1.562499999999999827e-02,-1.769847943286505439e-07,-1.079029424053089030e-07,-2.502123643734984049e-08
3.395632938682637270e-01,1.562499999999999827e-02,-2.311327129221817070e-07,-1.383325847601479058e-07,-2.911646196283491321e-08
3.708132938682637270e-01,1.562499999999999827e-02,-2.934041106945737401e-07,-1.727644747650969323e-07,-3.312942085870537884e-08
4.020632938682637270e-01,1.562499999999999827e-02,-3.635187146625247222e-07,-2.109586738989522635e-07,-3.694401228029911091e-08
4.333132938682637270e-01,1.562499999999999827e-02,-4.409616960647260861e-07,-2.525559998851510956e-07,-4.044205407323005125e-08
4.645632938682637270e-01,1.562499999999999827e-02,-5.249797402842504297e-07,-2.970761382553065601e-07,-4.350321886042695933e-08
4.958132938682637270e-01,1.562499999999999827e-02,-6.145777163100996765e-07,-3.439176830677651085e-07,-4.600675296940179536e-08
5.270632938682636714e-01,1.562499999999999827e-02,-7.085240872191256203e-07,-3.923650863541940540e-07,-4.783700050412771262e-08
5.583132938682636714e-01,1.562499999999999827e-02,-8.053609569343778005e-07,-4.415947664671811308e-07,-4.888404059338984014e-08
5.895632938682636714e-01,1.562499999999999827e-02,-9.034145536238010800e-07,-4.906783257750574434e-07,-4.904081905923727637e-08
6.208132938682636714e-01,1.562499999999999827e-02,-1.000810106880854801e-06,-5.385962139384656467e-07,-4.821216255400696204e-08
6.520632938682636714e-01,1.562499999999999827e-02,-1.095480513775299495e-06,-5.842388096230315010e-07,-4.630899040873378141e-08
6.833132938682636714e-01,1.562499999999999827e-02,-1.185168487272454111e-06,-6.263893255575653396e-07,-4.322019733091095624e-08
7.145632938682636714e-01,1.562499999999999827e-02,-1.267482656725275049e-06,-6.638057510570110399e-07,-3.889765392774645263e-08
7.458132938682636714e-01,1.562499999999999827e-02,-1.339850331388811634e-06,-6.951543002381523743e-07,-3.329881955309818560e-08
7.770632938682636714e-01,1.562499999999999827e-02,-1.399271506348413311e-06,-7.186202685663250951e-07,-2.598429948277162526e-08
8.083132938682636714e-01,1.562499999999999827e-02,-1.442797050175448550e-06,-7.328279880012833463e-07,-1.712505268773316107e-08
8.395632938682636714e-01,1.562499999999999827e-02,-1.467419132884623497e-06,-7.368736363500816430e-07,-7.469122618443766837e-09
8.708132938682636714e-01,1.562499999999999827e-02,-1.467537339320995371e-06,-7.257184836142480892e-07,7.049585616745668173e-09
9.020632938682636714e-01,1.562499999999999827e-02,-1.440914350855562999e-06,-6.991072800476954173e-07,2.448518978608876581e-08
9.333132938682636714e-01,1.562499999999999827e-02,-1.387871840957786744e-06,-6.626891726576516542e-07,3.063110778394526083e-08
9.645632938682636714e-01,1.562499999999999827e-02,-1.212139197787877012e-06,-4.935895927109451039e-07,1.296090253532182356e-07
9.958132938682636714e-01,1.562499999999999827e-02,-8.835519234901339025e-07,-2.473255838101496884e-07,2.473255838098425860e-07
1.027063293868263782e+00,1.562499999999999827e-02,0.000000000000000000e+00,9.189461655597060225e-08,6.761402498962121779e-07
5.412658773652741923e-02,3.124999999999999653e-02,0.000000000000000000e+00,-4.494133050297936663e-11,-9.920529143388386314e-10
8.537658773652742616e-02,3.124999999999999653e-02,-4.508822827255286659e-09,-2.445904622725915708e-09,-3.709309458048310729e-09
1.166265877365274262e-01,3.124999999999999653e-02,-1.559118792338026245e-08,-7.560704730570607733e-09,-7.560704730570586227e-09
1.478765877365274262e-01,3.124999999999999653e-02,-3.546505443680620644e-08,-1.580227800358881980e-08,-1.248189396508573188e-08
1.791265877365274262e-01,3.124999999999999653e-02,-6.614514411935015233e-08,-2.758846687760682806e-08,-1.834655253978402256e-08
2.103765877365274262e-01,3.124999999999999653e-02,-1.093988141258792333e-07,-4.325168416935272441e-08,-2.502930535459992745e-08
2.416265877365274262e-01,3.124999999999999653e-02,-1.667101662655577812e-07,-6.303639006767463174e-08,-3.237597584337616061e-08
2.728765877365273984e-01,3.124999999999999653e-02,-2.392371282467115026e-07,-8.708490371855011354e-08,-4.021303260157636600e-08
3.041265877365273984e-01,3.124999999999999653e-02,-3.277709478853155777e-07,-1.154319194877536473e-07,-4.834796999371642596e-08
3.353765877365273984e-01,3.124999999999999653e-02,-4.327013514729450091e-07,-1.479979542323379790e-07,-5.657244290225902612e-08
3.666265877365273984e-01,3.124999999999999653e-02,-5.539878984800812788e-07,-1.845845465916431986e-07,-6.466506285798123548e-08
3.978765877365273984e-01,3.124999999999999653e-02,-6.911368623178779448e-07,-2.248712745510557767e-07,-7.239460594680574284e-08
4.291265877365273984e-01,3.124999999999999653e-02,-8.431857776797472247e-07,-2.684152614382519143e-07,-7.952432346571327111e-08
4.603765877365273984e-01,3.124999999999999653e-02,-1.008695926877836800e-06,-3.146519213609811515e-07,-8.581467305464993988e-08
4.916265877365273984e-01,3.124999999999999653e-02,-1.185746384039233347e-06,-3.628948940251542918e-07,-9.102409698569294134e-08
5.228765877365274539e-01,3.124999999999999653e-02,-1.371939327481069592e-06,-4.123447326881809290e-07,-9.491891066341670074e-08
5.541265877365274539e-01,3.124999999999999653e-02,-1.564421307069343522e-06,-4.620977216935205407e-07,-9.727671540809100107e-08
5.853765877365274539e-01,3.124999999999999653e-02,-1.759908037044029739e-06,-5.111553553159730587e-07,-9.788881897978288772e-08
6.166265877365274539e-01,3.124999999999999653e-02,-1.954705570369500106e-06,-5.584262657054409169e-07,-9.655737509866556687e-08
6.478765877365274539e-01,3.124999999999999653e-02,-2.144734031606627923e-06,-6.027288185010100340e-07,-9.308889358703580320e-08
6.791265877365274539e-01,3.124999999999999653e-02,-2.325567605917107486e-06,-6.428329206096069626e-07,-8.732610290346356267e-08
7.103765877365274539e-01,3.124999999999999653e-02,-2.492445569298541502e-06,-6.774181931635895875e-07,-7.912183497428590188e-08
7.416265877365274539e-01,3.124999999999999653e-02,-2.640203355641742798e-06,-7.049268953106250468e-07,-6.817697441276961137e-08
7.728765877365274539e-01,3.124999999999999653e-02,-2.763289062850747824e-06,-7.239351542950277229e-07,-5.435270445614814859e-08
8.041265877365274539e-01,3.124999999999999653e-02,-2.855755771730281322e-06,-7.331332468843157609e-07,-3.775427943238451953e-08
8.353765877365274539e-01,3.124999999999999653e-02,-2.911143399569697792e-06,-7.301831379537084240e-07,-1.714040404210706299e-08
8.666265877365274539e-01,3.124999999999999653e-02,-2.924139778988445700e-06,-7.156828253857845877e-07,6.650031818886384816e-09
8.978765877365274539e-01,3.124999999999999653e-02,-2.887791365186495507e-06,-6.871225114170158971e-07,3.128671384830515634e-08
9.291265877365274539e-01,3.124999999999999653e-02,-2.767624951449492396e-06,-5.998354352853451378e-07,8.734563984769514916e-08
9.603765877365274539e-01,3.124999999999999653e-02,-2.484141737328449475e-06,-4.347001565814223457e-07,2.120844423801560071e-07
9.916265877365274539e-01,3.124999999999999653e-02,-1.973109843398307109e-06,-2.976562160708737527e-07,2.976562160700854827e-07
1.022876587736527343e+00,3.124999999999999653e-02,-1.212139197788790749e-06,-1.296090253537962561e-07,4.935895927108805176e-07
1.054126587736527343e+00,3.124999999999999653e-02,0.000000000000000000e+00,-3.826042590097277921e-08,6.513448876183249464e-07
8.118988160479112537e-02,4.687499999999999306e-02,0.000000000000000000e+00,-3.190045399285126416e-11,-3.004063507549305162e-09
1.124398816047911254e-01,4.687499999999999306e-02,-1.132337919983839371e-08,-4.440845000535843550e-09,-8.593717193186407324e-09
1.436898816047911254e-01,4.687499999999999306e-02,-3.546505443680623291e-08,-1.248189396508573518e-08,-1.580227800358881649e-08
1.749398816047911254e-01,4.687499999999999306e-02,-7.551084755834305668e-08,-2.446497429264463500e-08,-2.446497429264465485e-08
2.061898816047911254e-01,4.687499999999999306e-02,-1.341809040586022637e-07,-4.070877270168962173e-08,-3.439180310017677474e-08
2.374398816047911254e-01,4.687499999999999306e-02,-2.137809021480293197e-07,-6.140417339906214674e-08,-4.535415029643482867e-08
2.686898816047911254e-01,4.687499999999999306e-02,-3.161305377348827162e-07,-8.664258848871460271e-08,-5.709587569533260257e-08
2.999398816047911254e-01,4.687499999999999306e-02,-4.425075340010165566e-07,-1.163981252516028234e-07,-6.933160980566557813e-08
3.311898816047911254e-01,4.687499999999999306e-02,-5.935934455707378539e-07,-1.505241485993479264e-07,-8.175132379877860092e-08
3.624398816047911254e-01,4.687499999999999306e-02,-7.694291875485933728e-07,-1.887496187960868371e-07,-9.402512068559927553e-08
3.936898816047911254e-01,4.687499999999999306e-02,-9.693793711203907087e-07,-2.306769044969271688e-07,-1.058074303610560793e-07
4.249398816047911254e-01,4.687499999999999306e-02,-1.192106564200520732e-06,-2.757822665038833960e-07,-1.167428976819944394e-07
4.561898816047911254e-01,4.687499999999999306e-02,-1.435558766733624972e-06,-3.234192503210535973e-07,-1.264728918425643177e-07
4.874398816047911254e-01,4.687499999999999306e-02,-1.696963057274088580e-06,-3.728190783644740055e-07,-1.346355640520726958e-07
5.186898816047911254e-01,4.687499999999999306e-02,-1.972827023752484448e-06,-4.230986076132729762e-07,-1.408760145836265272e-07
5.499398816047911254e-01,4.687499999999999306e-02,-2.258968936965384483e-06,-4.732768889115632531e-07,-1.448602542164468120e-07
5.811898816047911254e-01,4.687499999999999306e-02,-2.550556796003077867e-06,-5.222811985191250465e-07,-1.462725210376192860e-07
6.124398816047911254e-01,4.687499999999999306e-02,-2.842144092491592649e-06,-5.689525942310293569e-07,-1.448118474994819758e-07
6.436898816047911254e-01,4.687499999999999306e-02,-3.127713055409421592e-06,-6.120670986931773622e-07,-1.402077349822794607e-07
6.749398816047911254e-01,4.687499999999999306e-02,-3.400710250029838876e-06,-6.503186072040894042e-07,-1.322048787100428041e-07
7.061898816047911254e-01,4.687499999999999306e-02,-3.654054969294486998e-06,-6.822807927012951119e-07,-1.205157303171518121e-07
7.374398816047911254e-01,4.687499999999999306e-02,-3.880162182488681218e-06,-7.065292203477443378e-07,-1.049209222350666498e-07
7.686898816047911254e-01,4.687499999999999306e-02,-4.070891493213960326e-06,-7.216082472096734320e-07,-8.520313744709270201e-08
7.999398816047911254e-01,4.687499999999999306e-02,-4.217713471183128236e-06,-7.261172660992793306e-07,-6.092902754569444602e-08
8.311898816047911254e-01,4.687499999999999306e-02,-4.313118303784300261e-06,-7.203621995916265825e-07,-3.303623190107594852e-08
8.624398816047911254e-01,4.687499999999999306e-02,-4.349190874092436220e-06,-7.018332217307991849e-07,-1.713540906110927197e-09
8.936898816047911254e-01,4.687499999999999306e-02,-4.304971769506300232e-06,-6.510642986047915645e-07,4.653811751905119270e-08
9.249398816047911254e-01,4.687499999999999306e-02,-4.136419540709216508e-06,-5.536188949616913654e-07,1.276237659943834602e-07
9.561898816047911254e-01,4.687499999999999306e-02,-3.792789423446602557e-06,-4.392497075242800045e-07,2.231332939370047284e-07
9.874398816047911254e-01,4.687499999999999306e-02,-3.236898953454600248e-06,-3.279320676057911142e-07,3.279320676044025625e-07
1.018689881604791125e+00,4.687499999999999306e-02,-2.484141737330488284e-06,-2.120844423813703876e-07,4.347001565808170878e-07
1.049939881604791125e+00,4.687499999999999306e-02,-1.387871840960004911e-06,-3.063110778466037502e-08,6.626891726581213340e-07
1.081189881604791125e+00,4.687499999999999306e-02,0.000000000000000000e+00,3.458393002201215510e-09,7.215134109964227074e-07
1.082531754730548385e-01,6.249999999999999306e-02,0.000000000000000000e+00,-3.296832415452865289e-11,-6.809086475172730015e-09
1.395031754730548523e-01,6.249999999999999306e-02,-2.266267550694338050e-08,-6.958709799898382300e-09,-1.620110873295690106e-08
1.707531754730548523e-01,6.249999999999999306e-02,-6.614514411935013910e-08,-1.834655253978415160e-08,-2.758846687760696041e-08
2.020031754730548523e-01,6.249999999999999306e-02,-1.341809040586033225e-07,-3.439180310017834969e-08,-4.070877270169015112e-08
2.332531754730548523e-01,6.249999999999999306e-02,-2.299504513668791516e-07,-5.526830251241805337e-08,-5.526830251241638577e-08
2.645031754730548523e-01,6.249999999999999306e-02,-3.560001125463707088e-07,-8.101465873252354714e-08,-7.092877183580302664e-08
2.957531754730548523e-01,6.249999999999999306e-02,-5.141616244877551425e-07,-1.115502031527026214e-07,-8.731404554244433442e-08
3.270031754730548523e-01,6.249999999999999306e-02,-7.054798112572336267e-07,-1.466653698298695040e-07,-1.040143355430854098e-07
3.582531754730548523e-01,6.249999999999999306e-02,-9.301514266674226670e-07,-1.860203692731020397e-07,-1.205924016423718383e-07
3.895031754730548523e-01,6.249999999999999306e-02,-1.187476146011737692e-06,-2.291438964537711375e-07,-1.365893991988011717e-07
4.207531754730548523e-01,6.249999999999999306e-02,-1.475819769262133349e-06,-2.754343569478740172e-07,-1.515317143139596752e-07
4.520031754730548523e-01,6.249999999999999306e-02,-1.792594035904012707e-06,-3.241648294792516185e-07,-1.649403017811897939e-07
4.832531754730548523e-01,6.249999999999999306e-02,-2.134251332006246555e-06,-3.744873100715495048e-07,-1.763347364687404815e-07
5.145031754730547968e-01,6.249999999999999306e-02,-2.496282922376519507e-06,-4.254365676341755437e-07,-1.852375339594628935e-07
5.457531754730547968e-01,6.249999999999999306e-02,-2.873249170963651315e-06,-4.759517370162031825e-07,-1.911979302409926791e-07
5.770031754730547968e-01,6.249999999999999306e-02,-3.258839558408145117e-06,-5.248895579272603791e-07,-1.937938296180680929e-07
6.082531754730547968e-01,6.249999999999999306e-02,-3.645928498707082711e-06,-5.710340429245402174e-07,-1.926316276684052371e-07
6.395031754730547968e-01,6.249999999999999306e-02,-4.026620217874278272e-06,-6.130900940694581472e-07,-1.873388864725157854e-07
6.707531754730547968e-01,6.249999999999999306e-02,-4.392289810973388615e-06,-6.496762276316440657e-07,-1.775542270500751113e-07
7.020031754730547968e-01,6.249999999999999306e-02,-4.733625464166414789e-06,-6.793677542517248843e-07,-1.629602849317908716e-07
7.332531754730547968e-01,6.249999999999999306e-02,-5.040649664923057775e-06,-7.007084337982720258e-07,-1.432518673266700204e-07
7.645031754730547968e-01,6.249999999999999306e-02,-5.302936014070784919e-06,-7.124516047849468604e-07,-1.181660975431414630e-07
7.957531754730547968e-01,6.249999999999999306e-02,-5.510494897614443234e-06,-7.143638412778977548e-07,-8.823656778478087179e-08
8.270031754730547968e-01,6.249999999999999306e-02,-5.653611314492759433e-06,-7.050234536803960248e-07,-5.373805126996800281e-08
8.582531754730547968e-01,6.249999999999999306e-02,-5.717360027615748527e-06,-6.754371011684147511e-07,-8.932523742031277028e-09
8.895031754730547968e-01,6.249999999999999306e-02,-5.674292655501044730e-06,-6.157950635672916142e-07,5.513729991319347847e-08
9.207531754730547968e-01,6.249999999999999306e-02,-5.487907034546029101e-06,-5.334705263040566385e-07,1.355507519814969037e-07
9.520031754730547968e-01,6.249999999999999306e-02,-5.125552650312489591e-06,-4.394507477105137793e-07,2.274611750941066581e-07
9.832531754730547968e-01,6.249999999999999306e-02,-4.566052153813845107e-06,-3.338171839920984628e-07,3.338171839900174617e-07
1.014503175473054908e+00,6.249999999999999306e-02,-3.792789423449945372e-06,-2.231332939389172759e-07,4.392497075230569948e-07
1.045753175473054908e+00,6.249999999999999306e-02,-2.767624951454209946e-06,-8.734563984912634368e-08,5.998354352852285649e-07
1.077003175473054908e+00,6.249999999999999306e-02,-1.440914350859238487e-06,-2.448518978682121770e-08,6.991072800488803105e-07
1.108253175473054908e+00,6.249999999999999306e-02,0.000000000000000000e+00,1.590475335854529968e-09,7.352224311167060185e-07
1.353164693413185515e-01,7.812499999999998612e-02,0.000000000000000000e+00,-2.616665632240917318e-11,-1.293442446802339604e-08
1.665664693413185515e-01,7.812499999999998612e-02,-3.951181862081007266e-08,-9.943903706545533437e-09,-2.697454621345474707e-08
1.978164693413185515e-01,7.812499999999998612e-02,-1.093988141258816685e-07,-2.502930535460226010e-08,-4.325168416935470964e-08
2.290664693413185515e-01,7.812499999999998612e-02,-2.137809021480350901e-07,-4.535415029643771388e-08,-6.140417339906298054e-08
2.603164693413185793e-01,7.812499999999998612e-02,-3.560001125463765322e-07,-7.092877183580716916e-08,-8.101465873252284569e-08
2.915664693413185793e-01,7.812499999999998612e-02,-5.385149432679489269e-07,-1.016181922380943957e-07,-1.016181922380901738e-07
3.228164693413185793e-01,7.812499999999998612e-02,-7.628101838309806288e-07,-1.371551906104441123e-07,-1.227070075072308711e-07
3.540664693413185793e-01,7.812499999999998612e-02,-1.029318226821310971e-06,-1.771349839640957813e-07,-1.437377562027791595e-07
3.853164693413185793e-01,7.812499999999998612e-02,-1.337355564275009636e-06,-2.210160345577629533e-07,-1.641391740193908415e-07
4.165664693413185793e-01,7.812499999999998612e-02,-1.685074535133988992e-06,-2.681218971536826344e-07,-1.833198909993967849e-07
4.478164693413185793e-01,7.812499999999998612e-02,-2.069433603078124882e-06,-3.176471504915862385e-07,-2.006794234950899031e-07
4.790664693413185793e-01,7.812499999999998612e-02,-2.486190653418250777e-06,-3.686659078064324419e-07,-2.156183870805226244e-07
5.103164693413185793e-01,7.812499999999998612e-02,-2.929903781650275825e-06,-4.201338523604173773e-07,-2.275377146114850263e-07
5.415664693413185793e-01,7.812499999999998612e-02,-3.393953634067011927e-06,-4.709094358793812295e-07,-2.358645719864776325e-07
5.728164693413185793e-01,7.812499999999998612e-02,-3.870623776090197686e-06,-5.197816553037925300e-07,-2.400730189772991443e-07
6.040664693413185793e-01,7.812499999999998612e-02,-4.351177031009045630e-06,-5.654666215780057197e-07,-2.396678028248878488e-07
6.353164693413185793e-01,7.812499999999998612e-02,-4.825906241674413472e-06,-6.065991162864069477e-07,-2.341732829562289465e-07
6.665664693413185793e-01,7.812499999999998612e-02,-5.284179575589105777e-06,-6.417476392245442498e-07,-2.231494638209776784e-07
6.978164693413185793e-01,7.812499999999998612e-02,-5.714497906787544035e-06,-6.694424926164107355e-07,-2.061885459596068931e-07
7.290664693413185793e-01,7.812499999999998612e-02,-6.104708905719644890e-06,-6.883890883691962102e-07,-1.829977311181567407e-07
7.603164693413185793e-01,7.812499999999998612e-02,-6.442633257059010869e-06,-6.979155927954713416e-07,-1.537838957711063553e-07
7.915664693413185793e-01,7.812499999999998612e-02,-6.716346776613836972e-06,-6.970255970830853076e-07,-1.187819370034922052e-07
8.228164693413185793e-01,7.812499999999998612e-02,-6.912050611366211257e-06,-6.814716737711080977e-07,-7.575480871826339614e-08
8.540664693413185793e-01,7.812499999999998612e-02,-7.010112139487305791e-06,-6.454036941423801522e-07,-2.024572217309719025e-08
8.853164693413185793e-01,7.812499999999998612e-02,-6.984146687904030880e-06,-5.886313734723911763e-07,4.909487570995639482e-08
9.165664693413185793e-01,7.812499999999998612e-02,-6.805312279322316423e-06,-5.148027187597948438e-07,1.315167276264885846e-07
9.478164693413185793e-01,7.812499999999998612e-02,-6.448476326864388715e-06,-4.263285490139243322e-07,2.267993258312165186e-07
9.790664693413185793e-01,7.812499999999998612e-02,-5.894061333426187437e-06,-3.293810778034265178e-07,3.293810778005987512e-07
1.010316469341318468e+00,7.812499999999998612e-02,-5.125552650317259233e-06,-2.274611750967374100e-07,4.394507477086124551e-07
1.041566469341318468e+00,7.812499999999998612e-02,-4.136419540716658539e-06,-1.276237659965280682e-07,5.536188949609514821e-07
1.072816469341318468e+00,7.812499999999998612e-02,-2.887791365194133203e-06,-3.128671384977727975e-08,6.871225114175819268e-07
1.104066469341318468e+00,7.812499999999998612e-02,-1.467537339326113779e-06,-7.049585617443431415e-09,7.257184836161863124e-07
1.135316469341318468e+00,7.812499999999998612e-02,0.000000000000000000e+00,-1.356432388051455025e-09,7.347482937128786912e-07
1.623797632095822507e-01,9.374999999999998612e-02,0.000000000000000000e+00,-2.239235172591520364e-11,-2.187634080077718541e-08
1.936297632095822507e-01,9.374999999999998612e-02,-6.273655730792650195e-08,-1.332367091961124137e-08,-4.128368215666777525e-08
2.248797632095822507e-01,9.374999999999998612e-02,-1.667101662655659339e-07,-3.237597584337952227e-08,-6.303639006767786105e-08
2.561297632095822507e-01,9.374999999999998612e-02,-3.161305377348956334e-07,-5.709587569533625540e-08,-8.664258848871628354e-08
2.873797632095822507e-01,9.374999999999998612e-02,-5.141616244877696479e-07,-8.731404554244966808e-08,-1.115502031527023170e-07
3.186297632095822507e-01,9.374999999999998612e-02,-7.628101838309967224e-07,-1.227070075072455089e-07,-1.371551906104434241e-07
3.498797632095822507e-01,9.374999999999998612e-02,-1.062829326534020060e-06,-1.628094278672410881e-07,-1.628094278672236445e-07
3.811297632095822507e-01,9.374999999999998612e-02,-1.413639388515511506e-06,-2.070128153019968847e-07,-1.878298529964899265e-07
4.123797632095822507e-01,9.374999999999998612e-02,-1.813267500228941485e-06,-2.545689508164126916e-07,-2.115079900680537311e-07
4.436297632095822507e-01,9.374999999999998612e-02,-2.258307528519174693e-06,-3.045961740613893009e-07,-2.331214436046594779e-07
4.748797632095822507e-01,9.374999999999998612e-02,-2.743907652155828986e-06,-3.560906681814186239e-07,-2.519489018121811016e-07
5.061297632095822507e-01,9.374999999999998612e-02,-3.263778786400126834e-06,-4.079340354775479640e-07,-2.672739410529028582e-07
5.373797632095822507e-01,9.374999999999998612e-02,-3.810209246368934347e-06,-4.589038052352695934e-07,-2.783971414937123803e-07
5.686297632095822507e-01,9.374999999999998612e-02,-4.374148400759805914e-06,-5.077137831736166042e-07,-2.846808486468296008e-07
5.998797632095822507e-01,9.374999999999998612e-02,-4.945315467336286687e-06,-5.530110848594610529e-07,-2.855281142104901002e-07
6.311297632095822507e-01,9.374999999999998612e-02,-5.512256948211647952e-06,-5.933656330237932214e-07,-2.803673671013227095e-07
6.623797632095822507e-01,9.374999999999998612e-02,-6.062391539987396983e-06,-6.272851439328208786e-07,-2.686553445333275948e-07
6.936297632095822507e-01,9.374999999999998612e-02,-6.582178762516015957e-06,-6.533695859319571688e-07,-2.499622761907315907e-07
7.248797632095822507e-01,9.374999999999998612e-02,-7.057578385592097030e-06,-6.706008517283017974e-07,-2.242012945553695312e-07
7.561297632095822507e-01,9.374999999999998612e-02,-7.474499543876298681e-06,-6.780145187994641579e-07,-1.914756663189448494e-07
7.873797632095822507e-01,9.374999999999998612e-02,-7.818213040778996544e-06,-6.733683461874851670e-07,-1.509769926535239162e-07
8.186297632095822507e-01,9.374999999999998612e-02,-8.071505474259758626e-06,-6.532972319956942912e-07,-1.006761635724614238e-07
8.498797632095822507e-01,9.374999999999998612e-02,-8.213349102970021517e-06,-6.159941991792886423e-07,-3.906020425765860072e-08
8.811297632095822507e-01,9.374999999999998612e-02,-8.219598647766660431e-06,-5.615166911101368640e-07,3.472822707576855421e-08
9.123797632095822507e-01,9.374999999999998612e-02,-8.065492652231573864e-06,-4.908798226160271590e-07,1.211363235631904206e-07
9.436297632095822507e-01,9.374999999999998612e-02,-7.728993045101782973e-06,-4.085309816442950069e-07,2.170502396336985887e-07
9.748797632095822507e-01,9.374999999999998612e-02,-7.193369507394539532e-06,-3.193020666635599833e-07,3.193020666599889983e-07
1.006129763209582251e+00,9.374999999999998612e-02,-6.448476326870646594e-06,-2.267993258345870480e-07,4.263285490113052005e-07
1.037379763209582251e+00,9.374999999999998612e-02,-5.487907034556340880e-06,-1.355507519843632897e-07,5.334705263026508814e-07
1.068629763209582251e+00,9.374999999999998612e-02,-4.304971769518101095e-06,-4.653811752124083242e-08,6.510642986047227431e-07
1.099879763209582251e+00,9.374999999999998612e-02,-2.924139778998953567e-06,-6.650031820267797118e-09,7.156828253871474637e-07
1.131129763209582251e+00,9.374999999999998612e-02,-1.467419132891068782e-06,7.469122617815184018e-09,7.368736363527468322e-07
1.162379763209582251e+00,9.374999999999998612e-02,0.000000000000000000e+00,-5.263409103976486589e-12,7.253268462496217124e-07
1.894430570778459777e-01,1.093749999999999861e-01,0.000000000000000000e+00,-1.707875607858479476e-11,-3.405359656093016411e-08
2.206930570778459777e-01,1.093749999999999861e-01,-9.305250423677410443e-08,-1.702341817154170858e-08,-5.942428384285891198e-08
2.519430570778459777e-01,1.093749999999999861e-01,-2.392371282467248963e-07,-4.021303260157828506e-08,-8.708490371855344873e-08
2.831930570778459777e-01,1.093749999999999861e-01,-4.425075340010379442e-07,-6.933160980567257939e-08,-1.163981252516082894e-07
3.144430570778459777e-01,1.093749999999999861e-01,-7.054798112572741784e-07,-1.040143355431088620e-07,-1.466653698298837447e-07
3.456930570778459777e-01,1.093749999999999861e-01,-1.029318226821377251e-06,-1.437377562028152379e-07,-1.771349839641023723e-07
3.769430570778459777e-01,1.093749999999999861e-01,-1.413639388515567410e-06,-1.878298529965276459e-07,-2.070128153019793352e-07
4.081930570778459777e-01,1.093749999999999861e-01,-1.856438423041676419e-06,-2.354735225509445548e-07,-2.354735225509073913e-07
4.394430570778459777e-01,1.093749999999999861e-01,-2.354038439417838842e-06,-2.857133706414019128e-07,-2.616728313867234128e-07
4.706930570778459777e-01,1.093749999999999861e-01,-2.901069582429712138e-06,-3.374687657603213742e-07,-2.847650627801199475e-07
5.019430570778460332e-01,1.093749999999999861e-01,-3.490482524904366069e-06,-3.895482783929671099e-07,-3.039166300377585471e-07
5.331930570778460332e-01,1.093749999999999861e-01,-4.113567073857715070e-06,-4.406516811872730835e-07,-3.183030431603408077e-07
5.644430570778460332e-01,1.093749999999999861e-01,-4.760014935277378541e-06,-4.894070071337001622e-07,-3.271605511983053548e-07
5.956930570778460332e-01,1.093749999999999861e-01,-5.418063907068622688e-06,-5.343914584983001169e-07,-3.297930200785185119e-07
6.269430570778460332e-01,1.093749999999999861e-01,-6.074578062368977373e-06,-5.741114005250597297e-07,-3.255267126923833804e-07
6.581930570778460332e-01,1.093749999999999861e-01,-6.715140529962425347e-06,-6.070773423755076523e-07,-3.137542571037454928e-07
6.894430570778460332e-01,1.093749999999999861e-01,-7.324346470669593650e-06,-6.319997119173496572e-07,-2.940982639022011216e-07
7.206930570778460332e-01,1.093749999999999861e-01,-7.886246558879927995e-06,-6.477458155422667071e-07,-2.664223558561965127e-07
7.519430570778460332e-01,1.093749999999999861e-01,-8.384449558771778436e-06,-6.527966561045324039e-07,-2.303901601605445983e-07
7.831930570778460332e-01,1.093749999999999861e-01,-8.801533137441106553e-06,-6.450845510805700335e-07,-1.851520114650427695e-07
8.144430570778460332e-01,1.093749999999999861e-01,-9.118228224613642442e-06,-6.228488727994512220e-07,-1.297692019945610629e-07
8.456930570778460332e-01,1.093749999999999861e-01,-9.313144396814631752e-06,-5.850356536485194043e-07,-6.334198563605502386e-08
8.769430570778460332e-01,1.093749999999999861e-01,-9.363468706154390382e-06,-5.314566614455261285e-07,1.481897065771163110e-08
9.081930570778460332e-01,1.093749999999999861e-01,-9.246799845953642522e-06,-4.642287391117980260e-07,1.035970803660841294e-07
9.394430570778460332e-01,1.093749999999999861e-01,-8.943783194508863989e-06,-3.870259303835143352e-07,2.005496918542393414e-07
9.706930570778460332e-01,1.093749999999999861e-01,-8.440593728368326595e-06,-3.033090317124387366e-07,3.033090317081373445e-07
1.001943057077846033e+00,1.093749999999999861e-01,-7.728993045109529937e-06,-2.170502396378215745e-07,4.085309816409103691e-07
1.033193057077846033e+00,1.093749999999999861e-01,-6.805312279335577570e-06,-1.315167276300737839e-07,5.148027187576960021e-07
1.064443057077846033e+00,1.093749999999999861e-01,-5.674292655517139203e-06,-5.513729991607613673e-08,6.157950635665795771e-07
1.095693057077846033e+00,1.093749999999999861e-01,-4.349190874108512905e-06,1.713540904034480521e-09,7.018332217315448915e-07
1.126943057077846033e+00,1.093749999999999861e-01,-2.911143399582843320e-06,1.714040404086026358e-08,7.301831379558631699e-07
1.158193057077846033e+00,1.093749999999999861e-01,-1.442797050183057870e-06,1.712505268720525771e-08,7.328279880046197032e-07
1.189443057077846033e+00,1.093749999999999861e-01,0.000000000000000000e+00,7.720594393166996556e-11,7.048897664384838162e-07
2.165063509461096769e-01,1.249999999999999861e-01,0.000000000000000000e+00,-1.099870815736774925e-11,-4.981326768863228687e-08
2.477563509461096769e-01,1.249999999999999861e-01,-1.310128189939872458e-07,-2.095520385939317286e-08,-8.159750387602563854e-08
2.790063509461097047e-01,1.249999999999999861e-01,-3.277709478853364359e-07,-4.834796999372405587e-08,-1.154319194877632162e-07
3.102563509461097047e-01,1.249999999999999861e-01,-5.935934455707916405e-07,-8.175132379880579862e-08,-1.505241485993715374e-07
3.415063509461097047e-01,1.249999999999999861e-01,-9.301514266675350047e-07,-1.205924016424202250e-07,-1.860203692731343593e-07
3.727563509461097047e-01,1.249999999999999861e-01,-1.337355564275165066e-06,-1.641391740194422458e-07,-2.210160345577711589e-07
4.040063509461097047e-01,1.249999999999999861e-01,-1.813267500229090140e-06,-2.115079900681063266e-07,-2.545689508163955392e-07
4.352563509461097047e-01,1.249999999999999861e-01,-2.354038439417925662e-06,-2.616728313867694173e-07,-2.857133706413615200e-07
4.665063509461097047e-01,1.249999999999999861e-01,-2.953878784893211821e-06,-3.134777447274692116e-07,-3.134777447274192367e-07
4.977563509461097047e-01,1.249999999999999861e-01,-3.605069553491554389e-06,-3.656559086184995265e-07,-3.369062296632980506e-07
5.290063509461097047e-01,1.249999999999999861e-01,-4.297995143589069099e-06,-4.168346678073447384e-07,-3.550568490740931044e-07
5.602563509461097047e-01,1.249999999999999861e-01,-5.021176864297257981e-06,-4.655463979984326645e-07,-3.670230695246091966e-07
5.915063509461097047e-01,1.249999999999999861e-01,-5.761429080600739529e-06,-5.102951688749070595e-07,-3.720036428218029844e-07
6.227563509461097047e-01,1.249999999999999861e-01,-6.504023109328970422e-06,-5.495593497682493804e-07,-3.692482169028869762e-07
6.540063509461097047e-01,1.249999999999999861e-01,-7.232839339224519739e-06,-5.818768936588526389e-07,-3.581226841898842216e-07
6.852563509461097047e-01,1.249999999999999861e-01,-7.930656003719949951e-06,-6.058918530244734085e-07,-3.381845895474371805e-07
7.165063509461097047e-01,1.249999999999999861e-01,-8.579462235354093751e-06,-6.202037286383893354e-07,-3.090815184685209882e-07
7.477563509461097047e-01,1.249999999999999861e-01,-9.160535424725207130e-06,-6.232589892832814035e-07,-2.703884264495032682e-07
7.790063509461097047e-01,1.249999999999999861e-01,-9.654259047854381207e-06,-6.135761847010269602e-07,-2.216327476806986974e-07
8.102563509461097047e-01,1.249999999999999861e-01,-1.003990297657625091e-05,-5.899270097987968481e-07,-1.622636581650101773e-07
8.415063509461097047e-01,1.249999999999999861e-01,-1.029570806283445131e-05,-5.515974718356911501e-07,-9.176608443957520214e-08
8.727563509461097047e-01,1.249999999999999861e-01,-1.039968257078784124e-05,-4.992393999740237326e-07,-1.045517896485889510e-08
9.040063509461097047e-01,1.249999999999999861e-01,-1.033119800292796740e-05,-4.348964702471081143e-07,8.037107746308942963e-08
9.352563509461097047e-01,1.249999999999999861e-01,-1.007299393230476284e-05,-3.612810015874989764e-07,1.788421992652205624e-07
9.665063509461097047e-01,1.249999999999999861e-01,-9.612766185624362539e-06,-2.819837849686115596e-07,2.819837849635818250e-07
9.977563509461097047e-01,1.249999999999999861e-01,-8.943783194518084789e-06,-2.005496918591053339e-07,3.870259303793855261e-07
1.029006350946109594e+00,1.249999999999999861e-01,-8.065492652247801322e-06,-1.211363235674987742e-07,4.908798226131997630e-07
1.060256350946109594e+00,1.249999999999999861e-01,-6.984146687924500278e-06,-4.909487571355775392e-08,5.886313734709923014e-07
1.091506350946109594e+00,1.249999999999999861e-01,-5.717360027637510497e-06,8.932523739281189350e-09,6.754371011685217949e-07
1.122756350946109594e+00,1.249999999999999861e-01,-4.313118303804309720e-06,3.303623189925069178e-08,7.203621995932492859e-07
1.154006350946109594e+00,1.249999999999999861e-01,-2.855755771745706639e-06,3.775427943136035743e-08,7.331332468872348482e-07
1.185256350946109594e+00,1.249999999999999861e-01,-1.399271506356963049e-06,2.598429948235612913e-08,7.186202685702284347e-07
1.216506350946109594e+00,1.249999999999999861e-01,0.000000000000000000e+00,-1.943999553264153461e-10,6.759406392287059813e-07
2.435696448143733761e-01,1.406249999999999722e-01,0.000000000000000000e+00,-4.471143980857607354e-12,-6.942006830828904044e-08
2.748196448143733761e-01,1.406249999999999722e-01,-1.769847943286641229e-07,-2.502123643735494584e-08,-1.079029424053192395e-07
3.060696448143733761e-01,1.406249999999999722e-01,-4.327013514729967840e-07,-5.657244290228294157e-08,-1.479979542323668310e-07
3.373196448143733761e-01,1.406249999999999722e-01,-7.694291875487228629e-07,-9.402512068564759611e-08,-1.887496187961336092e-07
3.685696448143733761e-01,1.406249999999999722e-01,-1.187476146011958344e-06,-1.365893991988608081e-07,-2.291438964538091481e-07
3.998196448143733761e-01,1.406249999999999722e-01,-1.685074535134256019e-06,-1.833198909994557331e-07,-2.681218971536904165e-07
4.310696448143733761e-01,1.406249999999999722e-01,-2.258307528519424568e-06,-2.331214436047095322e-07,-3.045961740613642605e-07
4.623196448143733761e-01,1.406249999999999722e-01,-2.901069582429903144e-06,-2.847650627801759046e-07,-3.374687657602895575e-07
4.935696448143733761e-01,1.406249999999999722e-01,-3.605069553491656457e-06,-3.369062296633425199e-07,-3.656559086184453164e-07
5.248196448143733761e-01,1.406249999999999722e-01,-4.359873603173814156e-06,-3.880979513144267494e-07,-3.880979513143816978e-07
5.560696448143733761e-01,1.406249999999999722e-01,-5.152933608741990887e-06,-4.367847417360358607e-07,-4.037476748761531247e-07
5.873196448143733761e-01,1.406249999999999722e-01,-5.969715261272957192e-06,-4.813936213253211129e-07,-4.116821130043392238e-07
6.185696448143733761e-01,1.406249999999999722e-01,-6.793988979086377482e-06,-5.203968416685997428e-07,-4.111080406191530436e-07
6.498196448143733761e-01,1.406249999999999722e-01,-7.608010989442227211e-06,-5.522886404708780769e-07,-4.013202068632452133e-07
6.810696448143733761e-01,1.406249999999999722e-01,-8.392725935730392146e-06,-5.755603863978667518e-07,-3.817242422839644489e-07
7.123196448143733761e-01,1.406249999999999722e-01,-9.128033091458384130e-06,-5.887143072957536125e-07,-3.518545659447324869e-07
7.435696448143733761e-01,1.406249999999999722e-01,-9.793034721555526708e-06,-5.903546087681396389e-07,-3.113713030185739271e-07
7.748196448143733761e-01,1.406249999999999722e-01,-1.036618920347301355e-05,-5.792633623981852981e-07,-2.599884705122949458e-07
8.060696448143733761e-01,1.406249999999999722e-01,-1.082544410141904280e-05,-5.545528557229130069e-07,-1.974641551205146371e-07
8.373196448143733761e-01,1.406249999999999722e-01,-1.114861735192454601e-05,-5.161259740685694450e-07,-1.239309351402813638e-07
8.685696448143733761e-01,1.406249999999999722e-01,-1.131425665078203112e-05,-4.648911426337940332e-07,-4.010725696351552713e-08
8.998196448143733761e-01,1.406249999999999722e-01,-1.130294177012238475e-05,-4.025919379788011438e-07,5.273276764073498421e-08
9.310696448143733761e-01,1.406249999999999722e-01,-1.109874601404567496e-05,-3.319414529921231459e-07,1.524226678241770048e-07
9.623196448143733761e-01,1.406249999999999722e-01,-1.069054223309252370e-05,-2.562241755296032258e-07,2.562241755238676480e-07
9.935696448143733761e-01,1.406249999999999722e-01,-1.007299393231540665e-05,-1.788421992707609255e-07,3.612810015826437306e-07
1.024819644814373376e+00,1.406249999999999722e-01,-9.246799845972780384e-06,-1.035970803710875530e-07,4.642287391082130650e-07
1.056069644814373376e+00,1.406249999999999722e-01,-8.219598647791503908e-06,-3.472822708003604517e-08,5.615166911080242580e-07
1.087319644814373376e+00,1.406249999999999722e-01,-7.010112139514779304e-06,2.024572216974924620e-08,6.454036941418687561e-07
1.118569644814373376e+00,1.406249999999999722e-01,-5.653611314519664588e-06,5.373805126759947369e-08,7.050234536814647686e-07
1.149819644814373376e+00,1.406249999999999722e-01,-4.217713471206469923e-06,6.092902754419243162e-08,7.261172661017379496e-07
1.181069644814373376e+00,1.406249999999999722e-01,-2.763289062867994685e-06,5.435270445536145350e-08,7.239351542986073900e-07
1.212319644814373376e+00,1.406249999999999722e-01,-1.339850331398050858e-06,3.329881955283151581e-08,6.951543002425271936e-07
1.243569644814373376e+00,1.406249999999999722e-01,0.000000000000000000e+00,-8.797603414924172365e-11,6.406470790433336245e-07
2.706329386826371031e-01,1.562499999999999722e-01,0.000000000000000000e+00,2.465153474751609778e-12,-9.304420348528663362e-08
3.018829386826371031e-01,1.562499999999999722e-01,-2.311327129222149795e-07,-2.911646196284927968e-08,-1.383325847601754873e-07
3.331329386826371031e-01,1.562499999999999722e-01,-5.539878984801982752e-07,-6.466506285802140337e-08,-1.845845465916980705e-07
3.643829386826371031e-01,1.562499999999999722e-01,-9.693793711206302073e-07,-1.058074303611152128e-07,-2.306769044969905375e-07
3.956329386826371031e-01,1.562499999999999722e-01,-1.475819769262475127e-06,-1.515317143140164000e-07,-2.754343569479096455e-07
4.268829386826371031e-01,1.562499999999999722e-01,-2.069433603078502659e-06,-2.006794234951366752e-07,-3.176471504915845445e-07
4.581329386826371031e-01,1.562499999999999722e-01,-2.743907652156169917e-06,-2.519489018122142417e-07,-3.560906681813914130e-07
4.893829386826371031e-01,1.562499999999999722e-01,-3.490482524904643896e-06,-3.039166300377909461e-07,-3.895482783929255523e-07
5.206329386826371586e-01,1.562499999999999722e-01,-4.297995143589250364e-06,-3.550568490741328090e-07,-4.168346678072901578e-07
5.518829386826371586e-01,1.562499999999999722e-01,-5.152933608742072202e-06,-4.037476748761964822e-07,-4.367847417359926090e-07
5.831329386826371586e-01,1.562499999999999722e-01,-6.039520639402938186e-06,-4.483262698081466277e-07,-4.483262698081044878e-07
6.143829386826371586e-01,1.562499999999999722e-01,-6.940075757295965903e-06,-4.872288705664867212e-07,-4.506150042333941350e-07
6.456329386826371586e-01,1.562499999999999722e-01,-7.835274247919057471e-06,-5.188685398257299967e-07,-4.428441222544498991e-07
6.768829386826371586e-01,1.562499999999999722e-01,-8.704255486952130599e-06,-5.416404001515507577e-07,-4.242954959100939390e-07
7.081329386826371586e-01,1.562499999999999722e-01,-9.524892097496728585e-06,-5.540170977416410696e-07,-3.944368617197628842e-07
7.393829386826371586e-01,1.562499999999999722e-01,-1.027421073823051453e-05,-5.546641772865633458e-07,-3.529589610585882582e-07
7.706329386826371586e-01,1.562499999999999722e-01,-1.092882820909155116e-05,-5.425545838282358034e-07,-2.997475405219756801e-07
8.018829386826371586e-01,1.562499999999999722e-01,-1.146540575197978816e-05,-5.171984488239330690e-07,-2.349616557617289497e-07
8.331329386826371586e-01,1.562499999999999722e-01,-1.186124054238156287e-05,-4.788216226070570284e-07,-1.591282487731634887e-07
8.643829386826371586e-01,1.562499999999999722e-01,-1.209509624205005897e-05,-4.283964849679709901e-07,-7.319017815077610581e-08
8.956329386826371586e-01,1.562499999999999722e-01,-1.214826980306348602e-05,-3.677672588219528540e-07,2.127503122183002787e-08
9.268829386826371586e-01,1.562499999999999722e-01,-1.200577162171164804e-05,-2.995207556489208981e-07,1.220726472930423248e-07
9.581329386826371586e-01,1.562499999999999722e-01,-1.165744644501621496e-05,-2.266315729689327905e-07,2.266315729625077809e-07
9.893829386826371586e-01,1.562499999999999722e-01,-1.109874601405766895e-05,-1.524226678303710920e-07,3.319414529866161612e-07
1.020632938682637159e+00,1.562499999999999722e-01,-1.033119800294986828e-05,-8.037107746875919025e-08,4.348964702427794053e-07
1.051882938682637159e+00,1.562499999999999722e-01,-9.363468706183440224e-06,-1.481897066255665625e-08,5.314566614427185319e-07
1.083132938682637159e+00,1.562499999999999722e-01,-8.213349103003074437e-06,3.906020425375027820e-08,6.159941991781150782e-07
1.114382938682637159e+00,1.562499999999999722e-01,-6.912050611399939262e-06,7.575480871537392853e-08,6.814716737715956711e-07
1.145632938682637159e+00,1.562499999999999722e-01,-5.510494897645673339e-06,8.823656778283756645e-08,7.143638412798738826e-07
1.176882938682637159e+00,1.562499999999999722e-01,-4.070891493239932050e-06,8.520313744597786107e-08,7.216082472129062392e-07
1.208132938682637159e+00,1.562499999999999722e-01,-2.640203355660269102e-06,6.817697441228860253e-08,7.049268953147781552e-07
1.239382938682637159e+00,1.562499999999999722e-01,-1.267482656734871085e-06,3.889765392766329782e-08,6.638057510617176843e-07
1.270632938682637159e+00,1.562499999999999722e-01,0.000000000000000000e+00,-6.468958059132789848e-11,6.001052755157976999e-07
2.976962325509008300e-01,1.718749999999999722e-01,0.000000000000000000e+00,9.767589369706573212e-12,-1.207533070218408219e-07
3.289462325509008300e-01,1.718749999999999722e-01,-2.934041106946441497e-07,-3.312942085872742817e-08,-1.727644747651492366e-07
3.601962325509008300e-01,1.718749999999999722e-01,-6.911368623180803856e-07,-7.239460594684931209e-08,-2.248712745511307391e-07
3.914462325509008300e-01,1.718749999999999722e-01,-1.192106564200867804e-06,-1.167428976820422305e-07,-2.757822665039466587e-07
4.226962325509008300e-01,1.718749999999999722e-01,-1.792594035904446811e-06,-1.649403017812213724e-07,-3.241648294792734825e-07
4.539462325509008300e-01,1.718749999999999722e-01,-2.486190653418684458e-06,-2.156183870805337417e-07,-3.686659078064095721e-07
4.851962325509008300e-01,1.718749999999999722e-01,-3.263778786400519433e-06,-2.672739410529276869e-07,-4.079340354775288528e-07
5.164462325509008300e-01,1.718749999999999722e-01,-4.113567073858062353e-06,-3.183030431603780772e-07,-4.406516811872424315e-07
5.476962325509008300e-01,1.718749999999999722e-01,-5.021176864297520561e-06,-3.670230695246499601e-07,-4.655463979983843836e-07
5.789462325509008300e-01,1.718749999999999722e-01,-5.969715261273128293e-06,-4.116821130043861812e-07,-4.813936213252803494e-07
6.101962325509008300e-01,1.718749999999999722e-01,-6.940075757296062465e-06,-4.506150042334545920e-07,-4.872288705664516752e-07
6.414462325509008300e-01,1.718749999999999722e-01,-7.911388575228071169e-06,-4.821987083085674208e-07,-4.821987083084942583e-07
6.726962325509008300e-01,1.718749999999999722e-01,-8.861062869289283399e-06,-5.047591074500376225e-07,-4.654704904021522669e-07
7.039462325509008300e-01,1.718749999999999722e-01,-9.765016762467972284e-06,-5.167035639278196365e-07,-4.364110409787979638e-07
7.351962325509008300e-01,1.718749999999999722e-01,-1.059823678220069116e-05,-5.167249567876596060e-07,-3.947291382962900981e-07
7.664462325509008300e-01,1.718749999999999722e-01,-1.133550743700926560e-05,-5.039816888064304486e-07,-3.405087544055056974e-07
7.976962325509008300e-01,1.718749999999999722e-01,-1.195214988481225927e-05,-4.782341775004281501e-07,-2.742098863427184525e-07
8.289462325509008300e-01,1.718749999999999722e-01,-1.242476045614218607e-05,-4.398976596353770888e-07,-1.966489081970144504e-07
8.601962325509008300e-01,1.718749999999999722e-01,-1.273202043474847181e-05,-3.901319267107269878e-07,-1.090926670435833186e-07
8.914462325509008300e-01,1.718749999999999722e-01,-1.285561262659708883e-05,-3.308252897639985876e-07,-1.330805725202864888e-08
9.226962325509008300e-01,1.718749999999999722e-01,-1.278118844360053559e-05,-2.644086146007149438e-07,8.852092297697428378e-08
9.539462325509008300e-01,1.718749999999999722e-01,-1.249923744074270134e-05,-1.937690859629562454e-07,1.937690859558574740e-07
9.851962325509008300e-01,1.718749999999999722e-01,-1.200577162172501761e-05,-1.220726472999145678e-07,2.995207556427274461e-07
1.016446232550900941e+00,1.718749999999999722e-01,-1.130294177014690297e-05,-5.273276764697642589e-08,4.025919379738446776e-07
1.047696232550900941e+00,1.718749999999999722e-01,-1.039968257082083487e-05,1.045517895948936465e-08,4.992393999705555562e-07
1.078946232550900941e+00,1.718749999999999722e-01,-9.313144396852995568e-06,6.334198563161539331e-08,5.850356536466457675e-07
1.110196232550900941e+00,1.718749999999999722e-01,-8.071505474300131604e-06,1.006761635690686863e-07,6.532972319955636364e-07
1.141446232550900941e+00,1.718749999999999722e-01,-6.716346776652814887e-06,1.187819370011539576e-07,6.970255970845701563e-07
1.172696232550900941e+00,1.718749999999999722e-01,-5.302936014105374356e-06,1.181660975417523819e-07,7.124516047878117376e-07
1.203946232550900941e+00,1.718749999999999722e-01,-3.880162182516406301e-06,1.049209222344461055e-07,7.065292203516759471e-07
1.235196232550900941e+00,1.718749999999999722e-01,-2.492445569317657765e-06,7.912183497418329178e-08,6.774181931682039053e-07
1.266446232550900941e+00,1.718749999999999722e-01,-1.185168487282025372e-06,4.322019733101662360e-08,6.263893255624245558e-07
1.297696232550900941e+00,1.718749999999999722e-01,0.000000000000000000e+00,-8.385005090011742113e-11,5.556582374191797157e-07
3.247595264191645015e-01,1.874999999999999722e-01,0.000000000000000000e+00,1.717075370351991789e-11,-1.525060401843738357e-07
3.560095264191645015e-01,1.874999999999999722e-01,-3.635187146626420363e-07,-3.694401228032340355e-08,-2.109586738990284700e-07
3.872595264191645015e-01,1.874999999999999722e-01,-8.431857776800282279e-07,-7.952432346574610687e-08,-2.684152614383339706e-07
4.185095264191645015e-01,1.874999999999999722e-01,-1.435558766734041289e-06,-1.264728918425854671e-07,-3.234192503211013488e-07
4.497595264191645015e-01,1.874999999999999722e-01,-2.134251332006717081e-06,-1.763347364687492959e-07,-3.744873100715563869e-07
4.810095264191645015e-01,1.874999999999999722e-01,-2.929903781650728987e-06,-2.275377146114941319e-07,-4.201338523604057836e-07
5.122595264191645015e-01,1.874999999999999722e-01,-3.810209246369382851e-06,-2.783971414937455734e-07,-4.589038052352695934e-07
5.435095264191645015e-01,1.874999999999999722e-01,-4.760014935277796975e-06,-3.271605511983391831e-07,-4.894070071336722101e-07
5.747595264191645015e-01,1.874999999999999722e-01,-5.761429080601094436e-06,-3.720036428218621709e-07,-5.102951688748756134e-07
6.060095264191645015e-01,1.874999999999999722e-01,-6.793988979086679025e-06,-4.111080406192499759e-07,-5.203968416685819551e-07
6.372595264191645015e-01,1.874999999999999722e-01,-7.835274247919352239e-06,-4.428441222546007239e-07,-5.188685398257305261e-07
6.685095264191645015e-01,1.874999999999999722e-01,-8.861062869289513792e-06,-4.654704904023179677e-07,-5.047591074499668952e-07
6.997595264191645015e-01,1.874999999999999722e-01,-9.845393231760619823e-06,-4.773254382484063034e-07,-4.773254382482310735e-07
7.310095264191645015e-01,1.874999999999999722e-01,-1.076122217880141108e-05,-4.770888503041707522e-07,-4.362615279513458461e-07
7.622595264191645015e-01,1.874999999999999722e-01,-1.158144021368208922e-05,-4.640183915665888967e-07,-3.817996408840591482e-07
7.935095264191645015e-01,1.874999999999999722e-01,-1.227988716439240873e-05,-4.380348800603266189e-07,-3.146462907208300843e-07
8.247595264191645015e-01,1.874999999999999722e-01,-1.283224924707253076e-05,-3.997554046381193961e-07,-2.359291829867850386e-07
8.560095264191645015e-01,1.874999999999999722e-01,-1.321687018528410013e-05,-3.504879478115075131e-07,-1.471873415542667021e-07
8.872595264191645015e-01,1.874999999999999722e-01,-1.341554366973142273e-05,-2.921324616517833194e-07,-5.032995512588453140e-08
9.185095264191645015e-01,1.874999999999999722e-01,-1.341428216906098177e-05,-2.271063305425368068e-07,5.234829062109040897e-08
9.497595264191645015e-01,1.874999999999999722e-01,-1.320401340268315096e-05,-1.582184734778180515e-07,1.582184734701103693e-07
9.810095264191645015e-01,1.874999999999999722e-01,-1.278118844361518248e-05,-8.852092298440740818e-08,2.644086145938635590e-07
1.012259526419164501e+00,1.874999999999999722e-01,-1.214826980309050129e-05,-2.127503122850192441e-08,3.677672588164684745e-07
1.043509526419164501e+00,1.874999999999999722e-01,-1.131425665081868901e-05,4.010725695764239920e-08,4.648911426296749649e-07
1.074759526419164501e+00,1.874999999999999722e-01,-1.029570806287777874e-05,9.176608443464099699e-08,5.515974718331592628e-07
1.106009526419164501e+00,1.874999999999999722e-01,-9.118228224660339368e-06,1.297692019907066130e-07,6.228488727986506700e-07
1.137259526419164501e+00,1.874999999999999722e-01,-7.818213040825473242e-06,1.509769926508620622e-07,6.733683461884716428e-07
1.168509526419164501e+00,1.874999999999999722e-01,-6.442633257101945275e-06,1.537838957695387090e-07,6.979155927979754887e-07
1.199759526419164501e+00,1.874999999999999722e-01,-5.040649664959721596e-06,1.432518673260071907e-07,7.007084338019764186e-07
1.231009526419164501e+00,1.874999999999999722e-01,-3.654054969322892671e-06,1.205157303170868287e-07,6.822807927057884099e-07
1.262259526419164501e+00,1.874999999999999722e-01,-2.325567605936072554e-06,8.732610290371067130e-08,6.428329206144822725e-07
1.293509526419164501e+00,1.874999999999999722e-01,-1.095480513784503567e-06,4.630899040899249704e-08,5.842388096278430717e-07
1.324759526419164501e+00,1.874999999999999722e-01,0.000000000000000000e+00,-7.202343373083947944e-11,5.085806414686020930e-07
3.518228202874282284e-01,2.031249999999999722e-01,0.000000000000000000e+00,2.483011026357380489e-11,-1.881461891120623730e-07
3.830728202874282284e-01,2.031249999999999722e-01,-4.409616960648831578e-07,-4.044205407324543019e-08,-2.525559998852389753e-07
4.143228202874282284e-01,2.031249999999999722e-01,-1.008695926878164814e-06,-8.581467305466564969e-08,-3.146519213610578609e-07
4.455728202874282284e-01,2.031249999999999722e-01,-1.696963057274525861e-06,-1.346355640520718223e-07,-3.728190783645077280e-07
4.768228202874282284e-01,2.031249999999999722e-01,-2.496282922376987916e-06,-1.852375339594570173e-07,-4.254365676341745378e-07
5.080728202874282839e-01,2.031249999999999722e-01,-3.393953634067499818e-06,-2.358645719865125991e-07,-4.709094358794049993e-07
5.393228202874282839e-01,2.031249999999999722e-01,-4.374148400760330227e-06,-2.846808486468786758e-07,-5.077137831736232746e-07
5.705728202874282839e-01,2.031249999999999722e-01,-5.418063907069149542e-06,-3.297930200786100443e-07,-5.343914584983026580e-07
6.018228202874282839e-01,2.031249999999999722e-01,-6.504023109329532852e-06,-3.692482169030553770e-07,-5.495593497682776501e-07
6.330728202874282839e-01,2.031249999999999722e-01,-7.608010989442861639e-06,-4.013202068634928645e-07,-5.522886404709291106e-07
6.643228202874282839e-01,2.031249999999999722e-01,-8.704255486952852271e-06,-4.242954959103677424e-07,-5.416404001515662160e-07
6.955728202874282839e-01,2.031249999999999722e-01,-9.765016762468690568e-06,-4.364110409791259244e-07,-5.167035639277893551e-07
7.268228202874282839e-01,2.031249999999999722e-01,-1.076122217880188881e-05,-4.362615279516169496e-07,-4.770888503039657702e-07
7.580728202874282839e-01,2.031249999999999722e-01,-1.166373967224834555e-05,-4.231294834360677897e-07,-4.231294834358037801e-07
7.893228202874282839e-01,2.031249999999999722e-01,-1.244473016251020307e-05,-3.970541843962068167e-07,-3.557621540744242678e-07
8.205728202874282839e-01,2.031249999999999722e-01,-1.307873689304400815e-05,-3.588224497726077317e-07,-2.764101247408831469e-07
8.518228202874282839e-01,2.031249999999999722e-01,-1.354351708901944582e-05,-3.098618800329497276e-07,-1.868568178658145411e-07
8.830728202874282839e-01,2.031249999999999722e-01,-1.382072632104186604e-05,-2.521510954295125600e-07,-8.920658982589427790e-08
9.143228202874282839e-01,2.031249999999999722e-01,-1.389652584735429960e-05,-1.881235373255456111e-07,1.413626516661375979e-08
9.455728202874282839e-01,2.031249999999999722e-01,-1.376213269622448315e-05,-1.205295051277861820e-07,1.205295051196038173e-07
9.768228202874282839e-01,2.031249999999999722e-01,-1.341428216907665527e-05,-5.234829062894002873e-08,2.271063305351416533e-07
1.008072820287428284e+00,2.031249999999999722e-01,-1.285561262662630808e-05,1.330805724495357292e-08,3.308252897579150911e-07
1.039322820287428284e+00,2.031249999999999722e-01,-1.209509624209004401e-05,7.319017814452813933e-08,4.283964849632794334e-07
1.070572820287428284e+00,2.031249999999999722e-01,-1.114861735197244911e-05,1.239309351349573382e-07,5.161259740654034477e-07
1.101822820287428284e+00,2.031249999999999722e-01,-1.003990297662879745e-05,1.622636581607788771e-07,5.899270097973455630e-07
1.133072820287428284e+00,2.031249999999999722e-01,-8.801533137494605154e-06,1.851520114621819157e-07,6.450845510810573951e-07
1.164322820287428284e+00,2.031249999999999722e-01,-7.474499543927093553e-06,1.914756663173239459e-07,6.780145188016220802e-07
1.195572820287428284e+00,2.031249999999999722e-01,-6.104708905764791746e-06,1.829977311175038901e-07,6.883890883726472341e-07
1.226822820287428284e+00,2.031249999999999722e-01,-4.733625464203709650e-06,1.629602849318106974e-07,6.793677542560642341e-07
1.258072820287428284e+00,2.031249999999999722e-01,-3.400710250057868467e-06,1.322048787104748439e-07,6.503186072089465029e-07
1.289322820287428284e+00,2.031249999999999722e-01,-2.144734031624792545e-06,9.308889358757838074e-08,6.027288185059471773e-07
1.320572820287428284e+00,2.031249999999999722e-01,-1.000810106889431857e-06,4.821216255437020683e-08,5.385962139430538124e-07
1.351822820287428284e+00,2.031249999999999722e-01,0.000000000000000000e+00,-6.431975568438598539e-11,4.599814810699701550e-07
3.788861141556919554e-01,2.187499999999999722e-01,0.000000000000000000e+00,3.246007808016890065e-11,-2.274004776465698100e-07
4.101361141556919554e-01,2.187499999999999722e-01,-5.249797402844304242e-07,-4.350321886043325914e-08,-2.970761382553972456e-07
4.413861141556919554e-01,2.187499999999999722e-01,-1.185746384039567714e-06,-9.102409698568477541e-08,-3.628948940252125253e-07
4.726361141556919554e-01,2.187499999999999722e-01,-1.972827023752911776e-06,-1.408760145836263155e-07,-4.230986076133091868e-07
5.038861141556919554e-01,2.187499999999999722e-01,-2.873249170964140477e-06,-1.911979302410204723e-07,-4.759517370162409813e-07
5.351361141556919554e-01,2.187499999999999722e-01,-3.870623776090785526e-06,-2.400730189773709304e-07,-5.197816553038469519e-07
5.663861141556919554e-01,2.187499999999999722e-01,-4.945315467336988030e-06,-2.855281142106303901e-07,-5.530110848595209805e-07
5.976361141556919554e-01,2.187499999999999722e-01,-6.074578062369835417e-06,-3.255267126926288612e-07,-5.741114005251590443e-07
6.288861141556919554e-01,2.187499999999999722e-01,-7.232839339225582765e-06,-3.581226841902127646e-07,-5.818768936589505771e-07
6.601361141556919554e-01,2.187499999999999722e-01,-8.392725935731657613e-06,-3.817242422843546135e-07,-5.755603863979732661e-07
6.913861141556919554e-01,2.187499999999999722e-01,-9.524892097498156683e-06,-3.944368617201685600e-07,-5.540170977416973973e-07
7.226361141556919554e-01,2.187499999999999722e-01,-1.059823678220210570e-05,-3.947291382966469107e-07,-5.167249567875608208e-07
7.538861141556919554e-01,2.187499999999999722e-01,-1.158144021368314293e-05,-3.817996408843548157e-07,-4.640183915663490275e-07
7.851361141556919554e-01,2.187499999999999722e-01,-1.244473016251075534e-05,-3.557621540747123119e-07,-3.970541843959479952e-07
8.163861141556919554e-01,2.187499999999999722e-01,-1.316123256095314398e-05,-3.175451234846388195e-07,-3.175451234843810568e-07
8.476361141556919554e-01,2.187499999999999722e-01,-1.370786522338926016e-05,-2.687170241654325138e-07,-2.275445471606236667e-07
8.788861141556919554e-01,2.187499999999999722e-01,-1.406592643210730683e-05,-2.113655470067290012e-07,-1.293707993958753133e-07
9.101361141556919554e-01,2.187499999999999722e-01,-1.422155402946223385e-05,-1.479578384254607866e-07,-2.554252488548990698e-08
9.413861141556919554e-01,2.187499999999999722e-01,-1.416611421414662044e-05,-8.123943339641016146e-08,8.123943338795081694e-08
9.726361141556919554e-01,2.187499999999999722e-01,-1.389652584737073204e-05,-1.413626517475439988e-08,1.881235373177085182e-07
1.003886114155692066e+00,2.187499999999999722e-01,-1.341554366976241397e-05,5.032995511846168389e-08,2.921324616451337402e-07
1.035136114155692066e+00,2.187499999999999722e-01,-1.273202043479132490e-05,1.090926670370675441e-07,3.901319267055174705e-07
1.066386114155692066e+00,2.187499999999999722e-01,-1.186124054243345380e-05,1.591282487675442986e-07,4.788216226032665560e-07
1.097636114155692066e+00,2.187499999999999722e-01,-1.082544410147677148e-05,1.974641551161136921e-07,5.545528557208974920e-07
1.128886114155692066e+00,2.187499999999999722e-01,-9.654259047914168180e-06,2.216327476777416524e-07,6.135761847009964670e-07
1.160136114155692066e+00,2.187499999999999722e-01,-8.384449558829768005e-06,2.303901601589157540e-07,6.527966561063084202e-07
1.191386114155692066e+00,2.187499999999999722e-01,-7.057578385645107740e-06,2.242012945547509060e-07,6.706008517314370899e-07
1.222636114155692066e+00,2.187499999999999722e-01,-5.714497906833181323e-06,2.061885459597667970e-07,6.694424926205798317e-07
1.253886114155692066e+00,2.187499999999999722e-01,-4.392289811010001614e-06,1.775542270507265061e-07,6.496762276364392250e-07
1.285136114155692066e+00,2.187499999999999722e-01,-3.127713055436153528e-06,1.402077349831315759e-07,6.120670986981881973e-07
1.316386114155692066e+00,2.187499999999999722e-01,-1.954705570386350133e-06,9.655737509943387869e-08,5.584262657102432760e-07
1.347636114155692066e+00,2.187499999999999722e-01,-9.034145536315612782e-07,4.904081905968281570e-08,4.906783257793044666e-07
1.378886114155692066e+00,2.187499999999999722e-01,0.000000000000000000e+00,-6.067356235512790462e-11,4.109078762806488453e-07
4.059494080239556268e-01,2.343749999999999722e-01,0.000000000000000000e+00,3.998333514858798490e-11,-2.698758970397159167e-07
4.371994080239556268e-01,2.343749999999999722e-01,-6.145777163102799887e-07,-4.600675296940074980e-08,-3.439176830678491236e-07
4.684494080239556268e-01,2.343749999999999722e-01,-1.371939327481393159e-06,-9.491891066341602576e-08,-4.123447326882438212e-07
4.996994080239556268e-01,2.343749999999999722e-01,-2.258968936965827481e-06,-1.448602542164673790e-07,-4.732768889116214866e-07
5.309494080239556268e-01,2.343749999999999722e-01,-3.258839558408740581e-06,-1.937938296181574814e-07,-5.248895579273581055e-07
5.621994080239556268e-01,2.343749999999999722e-01,-4.351177031009874028e-06,-2.396678028250689550e-07,-5.654666215781398685e-07
5.934494080239556268e-01,2.343749999999999722e-01,-5.512256948212779588e-06,-2.803673671016148300e-07,-5.933656330239655926e-07
6.246994080239556268e-01,2.343749999999999722e-01,-6.715140529963921207e-06,-3.137542571041251224e-07,-6.070773423756974935e-07
6.559494080239556268e-01,2.343749999999999722e-01,-7.930656003721765990e-06,-3.381845895478308920e-07,-6.058918530246089338e-07
6.871994080239556268e-01,2.343749999999999722e-01,-9.128033091460467831e-06,-3.518545659451570093e-07,-5.887143072958693383e-07
7.184494080239556268e-01,2.343749999999999722e-01,-1.027421073823279474e-05,-3.529589610590377151e-07,-5.546641772866110972e-07
7.496994080239556268e-01,2.343749999999999722e-01,-1.133550743701139166e-05,-3.405087544058334991e-07,-5.039816888062389133e-07
7.809494080239556268e-01,2.343749999999999722e-01,-1.227988716439401471e-05,-3.146462907210417896e-07,-4.380348800600311103e-07
8.121994080239556268e-01,2.343749999999999722e-01,-1.307873689304498563e-05,-2.764101247410045373e-07,-3.588224497722746360e-07
8.434494080239556268e-01,2.343749999999999722e-01,-1.370786522338963455e-05,-2.275445471607311604e-07,-2.687170241651710982e-07
8.746994080239556268e-01,2.343749999999999722e-01,-1.414800824057570980e-05,-1.702675676509991267e-07,-1.702675676508810980e-07
9.059494080239556268e-01,2.343749999999999722e-01,-1.438512725881063183e-05,-1.071228472306868556e-07,-6.614127838166858496e-08
9.371994080239556268e-01,2.343749999999999722e-01,-1.441062880424221545e-05,-4.088524259999604251e-08,4.088524259136250037e-08
9.684494080239556268e-01,2.343749999999999722e-01,-1.422155402947914401e-05,2.554252487712657166e-08,1.479578384172725456e-07
9.996994080239556268e-01,2.343749999999999722e-01,-1.382072632107413800e-05,8.920658981828114577e-08,2.521510954224086534e-07
1.030949408023955627e+00,2.343749999999999722e-01,-1.321687018532928256e-05,1.471873415475177818e-07,3.504879478057545183e-07
1.062199408023955627e+00,2.343749999999999722e-01,-1.242476045619736349e-05,1.966489081912894342e-07,4.398976596311091545e-07
1.093449408023955627e+00,2.343749999999999722e-01,-1.146540575204183333e-05,2.349616557572630479e-07,5.171984488213880526e-07
1.124699408023955627e+00,2.343749999999999722e-01,-1.036618920353819612e-05,2.599884705092677030e-07,5.792633623976193742e-07
1.155949408023955627e+00,2.343749999999999722e-01,-9.160535424789566388e-06,2.703884264478858058e-07,6.232589892846120923e-07
1.187199408023955627e+00,2.343749999999999722e-01,-7.886246558940047005e-06,2.664223558557010513e-07,6.477458155450970677e-07
1.218449408023955627e+00,2.343749999999999722e-01,-6.582178762569287553e-06,2.499622761910845917e-07,6.533695859359183184e-07
1.249699408023955627e+00,2.343749999999999722e-01,-5.284179575633663945e-06,2.231494638218862006e-07,6.417476392292354359e-07
1.280949408023955627e+00,2.343749999999999722e-01,-4.026620217909023563e-06,1.873388864737275983e-07,6.130900940745075223e-07
1.312199408023955627e+00,2.343749999999999722e-01,-2.842144092516258249e-06,1.448118475006756835e-07,5.689525942359921230e-07
1.343449408023955627e+00,2.343749999999999722e-01,-1.759908037059193111e-06,9.788881898068274111e-08,5.111553553204636039e-07
1.374699408023955627e+00,2.343749999999999722e-01,-8.053609569412090153e-07,4.888404059386918138e-08,4.415947664709948437e-07
1.405949408023955627e+00,2.343749999999999722e-01,0.000000000000000000e+00,-5.386949340396020680e-11,3.623175308191394819e-07
4.330127018922193538e-01,2.499999999999999722e-01,0.000000000000000000e+00,4.683240900967408022e-11,-3.150590093747888605e-07
4.642627018922193538e-01,2.499999999999999722e-01,-7.085240872193013797e-07,-4.783700050412375539e-08,-3.923650863542730927e-07
4.955127018922193538e-01,2.499999999999999722e-01,-1.564421307069680429e-06,-9.727671540810966226e-08,-4.620977216936071498e-07
5.267627018922194093e-01,2.499999999999999722e-01,-2.550556796003626321e-06,-1.462725210377104214e-07,-5.222811985192560190e-07
5.580127018922194093e-01,2.499999999999999722e-01,-3.645928498707962355e-06,-1.926316276686037075e-07,-5.710340429247368349e-07
5.892627018922194093e-01,2.499999999999999722e-01,-4.825906241675735690e-06,-2.341732829565300138e-07,-6.065991162866485638e-07
6.205127018922194093e-01,2.499999999999999722e-01,-6.062391539989192693e-06,-2.686553445336735019e-07,-6.272851439330566714e-07
6.517627018922194093e-01,2.499999999999999722e-01,-7.324346470671841675e-06,-2.940982639025693691e-07,-6.319997119175495570e-07
6.830127018922194093e-01,2.499999999999999722e-01,-8.579462235356738188e-06,-3.090815184689631394e-07,-6.202037286385853176e-07
7.142627018922194093e-01,2.499999999999999722e-01,-9.793034721558535369e-06,-3.113713030190485832e-07,-5.903546087682947518e-07
7.455127018922194093e-01,2.499999999999999722e-01,-1.092882820909462250e-05,-2.997475405222739416e-07,-5.425545838281173246e-07
7.767627018922194093e-01,2.499999999999999722e-01,-1.195214988481482409e-05,-2.742098863428007735e-07,-4.782341775000650906e-07
8.080127018922194093e-01,2.499999999999999722e-01,-1.283224924707433324e-05,-2.359291829867749801e-07,-3.997554046377342079e-07
8.392627018922194093e-01,2.499999999999999722e-01,-1.354351708902050461e-05,-1.868568178657747041e-07,-3.098618800326054616e-07
8.705127018922194093e-01,2.499999999999999722e-01,-1.406592643210776762e-05,-1.293707993958632166e-07,-2.113655470065058874e-07
9.017627018922194093e-01,2.499999999999999722e-01,-1.438512725881076905e-05,-6.614127838169921049e-08,-1.071228472305778001e-07
9.330127018922194093e-01,2.499999999999999722e-01,-1.449248773838042954e-05,-4.395879728739950652e-18,-4.322354997829467540e-18
9.642627018922194093e-01,2.499999999999999722e-01,-1.438512725882781135e-05,6.614127837319914222e-08,1.071228472223109306e-07
9.955127018922194093e-01,2.499999999999999722e-01,-1.406592643214039702e-05,1.293707993881235854e-07,2.113655469992836345e-07
1.026762701892219409e+00,2.499999999999999722e-01,-1.354351708906626303e-05,1.868568178589590535e-07,3.098618800267227649e-07
1.058012701892219409e+00,2.499999999999999722e-01,-1.283224924713023911e-05,2.359291829810811187e-07,3.997554046334801967e-07
1.089262701892219409e+00,2.499999999999999722e-01,-1.195214988487768071e-05,2.742098863382369600e-07,4.782341774973935487e-07
1.120512701892219409e+00,2.499999999999999722e-01,-1.092882820916113830e-05,2.997475405189445197e-07,5.425545838271340253e-07
1.151762701892219409e+00,2.499999999999999722e-01,-9.793034721625268013e-06,3.113713030170601733e-07,5.903546087690504110e-07
1.183012701892219409e+00,2.499999999999999722e-01,-8.579462235420360527e-06,3.090815184682047273e-07,6.202037286408941177e-07
1.214262701892219409e+00,2.499999999999999722e-01,-7.324346470729613557e-06,2.940982639027687395e-07,6.319997119210421915e-07
1.245512701892219409e+00,2.499999999999999722e-01,-6.062391540039082086e-06,2.686553445345588101e-07,6.272851439373880803e-07
1.276762701892219409e+00,2.499999999999999722e-01,-4.825906241716442399e-06,2.341732829578256301e-07,6.065991162914364176e-07
1.308012701892219409e+00,2.499999999999999722e-01,-3.645928498738959949e-06,1.926316276700278610e-07,5.710340429295936159e-07
1.339262701892219409e+00,2.499999999999999722e-01,-2.550556796025157475e-06,1.462725210389919029e-07,5.222811985238135856e-07
1.370512701892219409e+00,2.499999999999999722e-01,-1.564421307082635587e-06,9.727671540904949826e-08,4.620977216975954045e-07
1.401762701892219409e+00,2.499999999999999722e-01,-7.085240872249895235e-07,4.783700050461308235e-08,3.923650863575277110e-07
1.433012701892219409e+00,2.499999999999999722e-01,0.000000000000000000e+00,-4.683240901171476710e-11,3.150590093772160863e-07
4.600759957604830808e-01,2.656249999999999445e-01,0.000000000000000000e+00,5.386949340058799178e-11,-3.623175308162265886e-07
4.913259957604830808e-01,2.656249999999999445e-01,-8.053609569345592773e-07,-4.888404059340152654e-08,-4.415947664672791219e-07
5.225759957604830808e-01,2.656249999999999445e-01,-1.759908037044457703e-06,-9.788881897985779719e-08,-5.111553553161261599e-07
5.538259957604830808e-01,2.656249999999999445e-01,-2.842144092492411730e-06,-1.448118474996562793e-07,-5.689525942312662085e-07
5.850759957604830808e-01,2.656249999999999445e-01,-4.026620217875623360e-06,-1.873388864727603132e-07,-6.130900940697421150e-07
6.163259957604830808e-01,2.656249999999999445e-01,-5.284179575591013295e-06,-2.231494638212444143e-07,-6.417476392248162533e-07
6.475759957604830808e-01,2.656249999999999445e-01,-6.582178762518477435e-06,-2.499622761910557925e-07,-6.533695859322406072e-07
6.788259957604830808e-01,2.656249999999999445e-01,-7.886246558882951903e-06,-2.664223558565868360e-07,-6.477458155425391341e-07
7.100759957604830808e-01,2.656249999999999445e-01,-9.160535424728739258e-06,-2.703884264499185790e-07,-6.232589892834947500e-07
7.413259957604830808e-01,2.656249999999999445e-01,-1.036618920347677607e-05,-2.599884705125514909e-07,-5.792633623981632753e-07
7.725759957604830808e-01,2.656249999999999445e-01,-1.146540575198315427e-05,-2.349616557617305379e-07,-5.171984488235771034e-07
8.038259957604830808e-01,2.656249999999999445e-01,-1.242476045614467296e-05,-1.966489081968436674e-07,-4.398976596348967682e-07
8.350759957604830808e-01,2.656249999999999445e-01,-1.321687018528566714e-05,-1.471873415540543880e-07,-3.504879478110733028e-07
8.663259957604830808e-01,2.656249999999999445e-01,-1.382072632104269274e-05,-8.920658982572931823e-08,-2.521510954292011165e-07
8.975759957604830808e-01,2.656249999999999445e-01,-1.422155402946261671e-05,-2.554252488545794141e-08,-1.479578384253188821e-07
9.288259957604830808e-01,2.656249999999999445e-01,-1.441062880424249666e-05,4.088524259121533502e-08,-4.088524260000222320e-08
9.600759957604830808e-01,2.656249999999999445e-01,-1.438512725882805868e-05,1.071228472221392211e-07,6.614127837326473433e-08
9.913259957604830808e-01,2.656249999999999445e-01,-1.414800824060915744e-05,1.702675676431767245e-07,1.702675676433499427e-07
1.022575995760483192e+00,2.656249999999999445e-01,-1.370786522343693287e-05,2.275445471538732111e-07,2.687170241589023662e-07
1.053825995760483192e+00,2.656249999999999445e-01,-1.307873689310334281e-05,2.764101247352726124e-07,3.588224497675360161e-07
1.085075995760483192e+00,2.656249999999999445e-01,-1.227988716446020356e-05,3.146462907164977225e-07,4.380348800569138702e-07
1.116325995760483192e+00,2.656249999999999445e-01,-1.133550743708211383e-05,3.405087544025981509e-07,5.039816888048358032e-07
1.147575995760483192e+00,2.656249999999999445e-01,-1.027421073830452658e-05,3.529589610571845129e-07,5.546641772869922621e-07
1.178825995760483192e+00,2.656249999999999445e-01,-9.128033091529750044e-06,3.518545659446011439e-07,5.887143072978897237e-07
1.210075995760483192e+00,2.656249999999999445e-01,-7.930656003785686484e-06,3.381845895482837370e-07,6.058918530278916100e-07
1.241325995760483192e+00,2.656249999999999445e-01,-6.715140530020275156e-06,3.137542571053440558e-07,6.070773423799144471e-07
1.272575995760483192e+00,2.656249999999999445e-01,-5.512256948260070284e-06,2.803673671033148251e-07,5.933656330287409526e-07
1.303825995760483192e+00,2.656249999999999445e-01,-4.351177031047384882e-06,2.396678028269428566e-07,5.654666215830811411e-07
1.335075995760483192e+00,2.656249999999999445e-01,-3.258839558436529614e-06,1.937938296199114748e-07,5.248895579320815847e-07
1.366325995760483192e+00,2.656249999999999445e-01,-2.258968936984636271e-06,1.448602542178867416e-07,4.732768889158368520e-07
1.397575995760483192e+00,2.656249999999999445e-01,-1.371939327492421527e-06,9.491891066439285327e-08,4.123447326917852130e-07
1.428825995760483192e+00,2.656249999999999445e-01,-6.145777163149960564e-07,4.600675296988018368e-08,3.439176830706084393e-07
1.460075995760483192e+00,2.656249999999999445e-01,0.000000000000000000e+00,-3.998333514880305832e-11,2.698758970416751569e-07
4.871392896287467522e-01,2.812499999999999445e-01,0.000000000000000000e+00,6.067356235281271656e-11,-4.109078762772572195e-07
5.183892896287467522e-01,2.812499999999999445e-01,-9.034145536240408962e-07,-4.904081905928249999e-08,-4.906783257752120270e-07
5.496392896287467522e-01,2.812499999999999445e-01,-1.954705570370131993e-06,-9.655737509878322504e-08,-5.584262657056808389e-07
5.808892896287467522e-01,2.812499999999999445e-01,-3.127713055410596426e-06,-1.402077349824505879e-07,-6.120670986934740355e-07
6.121392896287467522e-01,2.812499999999999445e-01,-4.392289810975179242e-06,-1.775542270502824226e-07,-6.496762276319554561e-07
6.433892896287467522e-01,2.812499999999999445e-01,-5.714497906789964008e-06,-2.061885459598602618e-07,-6.694424926167368432e-07
6.746392896287467522e-01,2.812499999999999445e-01,-7.057578385595202252e-06,-2.242012945556917743e-07,-6.706008517286477045e-07
7.058892896287467522e-01,2.812499999999999445e-01,-8.384449558775557897e-06,-2.303901601609017286e-07,-6.527966561048421003e-07
7.371392896287467522e-01,2.812499999999999445e-01,-9.654259047858555385e-06,-2.216327476808940443e-07,-6.135761847010938758e-07
7.683892896287467522e-01,2.812499999999999445e-01,-1.082544410142296964e-05,-1.974641551203989641e-07,-5.545528557226002400e-07
7.996392896287467522e-01,2.812499999999999445e-01,-1.186124054238458169e-05,-1.591282487728184816e-07,-4.788216226065059276e-07
8.308892896287467522e-01,2.812499999999999445e-01,-1.273202043475039796e-05,-1.090926670432248780e-07,-3.901319267102200386e-07
8.621392896287467522e-01,2.812499999999999445e-01,-1.341554366973247814e-05,-5.032995512561205149e-08,-2.921324616514190423e-07
8.933892896287467522e-01,2.812499999999999445e-01,-1.389652584735486542e-05,1.413626516665894866e-08,-1.881235373254246707e-07
9.246392896287467522e-01,2.812499999999999445e-01,-1.416611421414714051e-05,8.123943338778560581e-08,-8.123943339648226514e-08
9.558892896287467522e-01,2.812499999999999445e-01,-1.422155402947981486e-05,1.479578384170557316e-07,2.554252487707692759e-08
9.871392896287467522e-01,2.812499999999999445e-01,-1.406592643214105770e-05,2.113655469990493770e-07,1.293707993881979655e-07
1.018389289628746752e+00,2.812499999999999445e-01,-1.370786522343733436e-05,2.687170241586656205e-07,2.275445471540412148e-07
1.049639289628746752e+00,2.812499999999999445e-01,-1.316123256101301227e-05,3.175451234789713221e-07,3.175451234792188675e-07
1.080889289628746752e+00,2.812499999999999445e-01,-1.244473016257926506e-05,3.557621540703665564e-07,3.970541843924754248e-07
1.112139289628746752e+00,2.812499999999999445e-01,-1.158144021375693305e-05,3.817996408813470546e-07,4.640183915645594587e-07
1.143389289628746752e+00,2.812499999999999445e-01,-1.059823678227770339e-05,3.947291382950273837e-07,5.167249567875505505e-07
1.174639289628746752e+00,2.812499999999999445e-01,-9.524892097572026426e-06,3.944368617198893568e-07,5.540170977433969689e-07
1.205889289628746752e+00,2.812499999999999445e-01,-8.392725935800672164e-06,3.817242422851818470e-07,5.755603864010490545e-07
1.237139289628746752e+00,2.812499999999999445e-01,-7.232839339287392453e-06,3.581226841918513498e-07,5.818768936630256526e-07
1.268389289628746752e+00,2.812499999999999445e-01,-6.074578062422783447e-06,3.255267126947819130e-07,5.741114005298754296e-07
1.299639289628746752e+00,2.812499999999999445e-01,-4.945315467380191793e-06,2.855281142129772537e-07,5.530110848644843818e-07
1.330889289628746752e+00,2.812499999999999445e-01,-3.870623776124148460e-06,2.400730189796001093e-07,5.197816553086686869e-07
1.362139289628746752e+00,2.812499999999999445e-01,-2.873249170988242376e-06,1.911979302429313522e-07,4.759517370206385647e-07
1.393389289628746752e+00,2.812499999999999445e-01,-1.972827023768821172e-06,1.408760145850879767e-07,4.230986076170800187e-07
1.424639289628746752e+00,2.812499999999999445e-01,-1.185746384048655530e-06,9.102409698663894479e-08,3.628948940282497737e-07
1.455889289628746752e+00,2.812499999999999445e-01,-5.249797402882158144e-07,4.350321886087962565e-08,2.970761382576632176e-07
1.487139289628746752e+00,2.812499999999999445e-01,0.000000000000000000e+00,-3.246007808325821990e-11,2.274004776481003721e-07
5.142025834970105347e-01,2.968749999999999445e-01,0.000000000000000000e+00,6.431975568379221188e-11,-4.599814810661501952e-07
5.454525834970105347e-01,2.968749999999999445e-01,-1.000810106881198273e-06,-4.821216255406179419e-08,-5.385962139386820636e-07
5.767025834970105347e-01,2.968749999999999445e-01,-2.144734031607485968e-06,-9.308889358714533514e-08,-6.027288185013031074e-07
6.079525834970105347e-01,2.968749999999999445e-01,-3.400710250031332195e-06,-1.322048787101943701e-07,-6.503186072044252528e-07
6.392025834970105347e-01,2.968749999999999445e-01,-4.733625464168605217e-06,-1.629602849319909831e-07,-6.793677542520812734e-07
6.704525834970105347e-01,2.968749999999999445e-01,-6.104708905722595106e-06,-1.829977311184295118e-07,-6.883890883696024683e-07
7.017025834970105347e-01,2.968749999999999445e-01,-7.474499543880016309e-06,-1.914756663191962064e-07,-6.780145187998132414e-07
7.329525834970105347e-01,2.968749999999999445e-01,-8.801533137445358658e-06,-1.851520114651422165e-07,-6.450845510807162526e-07
7.642025834970105347e-01,2.968749999999999445e-01,-1.003990297658039968e-05,-1.622636581647852636e-07,-5.899270097985416794e-07
7.954525834970105347e-01,2.968749999999999445e-01,-1.114861735192785791e-05,-1.239309351398259248e-07,-5.161259740680197207e-07
8.267025834970105347e-01,2.968749999999999445e-01,-1.209509624205221890e-05,-7.319017815031971387e-08,-4.283964849674109955e-07
8.579525834970105347e-01,2.968749999999999445e-01,-1.285561262659831364e-05,-1.330805725175039524e-08,-3.308252897636249402e-07
8.892025834970105347e-01,2.968749999999999445e-01,-1.341428216906169158e-05,5.234829062114211107e-08,-2.271063305424116841e-07
9.204525834970105347e-01,2.968749999999999445e-01,-1.376213269622516078e-05,1.205295051194570953e-07,-1.205295051278505300e-07
9.517025834970105347e-01,2.968749999999999445e-01,-1.389652584737167394e-05,1.881235373174266415e-07,-1.413626517492699939e-08
9.829525834970105347e-01,2.968749999999999445e-01,-1.382072632107535433e-05,2.521510954220772518e-07,8.920658981819084412e-08
1.014202583497010535e+00,2.968749999999999445e-01,-1.354351708906748783e-05,3.098618800263939043e-07,1.868568178590336718e-07
1.045452583497010535e+00,2.968749999999999445e-01,-1.307873689310434739e-05,3.588224497671819034e-07,2.764101247354275136e-07
1.076702583497010535e+00,2.968749999999999445e-01,-1.244473016257985120e-05,3.970541843921413762e-07,3.557621540706222545e-07
1.107952583497010535e+00,2.968749999999999445e-01,-1.166373967232392122e-05,4.231294834333730603e-07,4.231294834336798450e-07
1.139202583497010535e+00,2.968749999999999445e-01,-1.076122217887998864e-05,4.362615279503476177e-07,4.770888503035768762e-07
1.170452583497010535e+00,2.968749999999999445e-01,-9.765016762545785812e-06,4.364110409792600732e-07,5.167035639291558310e-07
1.201702583497010535e+00,2.968749999999999445e-01,-8.704255487025680163e-06,4.242954959116737613e-07,5.416404001544131997e-07
1.232952583497010535e+00,2.968749999999999445e-01,-7.608010989508891245e-06,4.013202068656057353e-07,5.522886404748199564e-07
1.264202583497010535e+00,2.968749999999999445e-01,-6.504023109387021825e-06,3.692482169056922435e-07,5.495593497728730156e-07
1.295452583497010535e+00,2.968749999999999445e-01,-5.418063907117080596e-06,3.297930200814109705e-07,5.343914585032068729e-07
1.326702583497010535e+00,2.968749999999999445e-01,-4.374148400798446710e-06,2.846808486495776934e-07,5.077137831784767734e-07
1.357952583497010535e+00,2.968749999999999445e-01,-3.393953634096215082e-06,2.358645719889006761e-07,4.709094358839120087e-07
1.389202583497010535e+00,2.968749999999999445e-01,-2.496282922397217604e-06,1.852375339613989726e-07,4.254365676381215526e-07
1.420452583497010535e+00,2.968749999999999445e-01,-1.696963057287543699e-06,1.346355640534840115e-07,3.728190783677608109e-07
1.451702583497010535e+00,2.968749999999999445e-01,-1.008695926885416475e-06,8.581467305553756423e-08,3.146519213635693666e-07
1.482952583497010535e+00,2.968749999999999445e-01,-4.409616960678320501e-07,4.044205407363474109e-08,2.525559998870377556e-07
1.514202583497010535e+00,2.968749999999999445e-01,0.000000000000000000e+00,-2.483011026220224250e-11,1.881461891132296903e-07
5.412658773652742061e-01,3.124999999999999445e-01,0.000000000000000000e+00,7.202343372936599935e-11,-5.085806414644396672e-07
5.725158773652742061e-01,3.124999999999999445e-01,-1.095480513775752658e-06,-4.630899040878996352e-08,-5.842388096233047750e-07
6.037658773652742061e-01,3.124999999999999445e-01,-2.325567605918178983e-06,-8.732610290356829036e-08,-6.428329206099475757e-07
6.350158773652742061e-01,3.124999999999999445e-01,-3.654054969296286943e-06,-1.205157303173050985e-07,-6.822807927016812530e-07
6.662658773652742061e-01,3.124999999999999445e-01,-5.040649664925655625e-06,-1.432518673268618999e-07,-7.007084337986843191e-07
6.975158773652742061e-01,3.124999999999999445e-01,-6.442633257062424412e-06,-1.537838957712737237e-07,-6.979155927958544123e-07
7.287658773652742061e-01,3.124999999999999445e-01,-7.818213040783003010e-06,-1.509769926535363834e-07,-6.733683461876781847e-07
7.600158773652742061e-01,3.124999999999999445e-01,-9.118228224617714976e-06,-1.297692019943099970e-07,-6.228488727993009796e-07
7.912658773652742061e-01,3.124999999999999445e-01,-1.029570806283788179e-05,-9.176608443912133806e-08,-5.515974718352159647e-07
8.225158773652742061e-01,3.124999999999999445e-01,-1.131425665078438757e-05,-4.010725696306415121e-08,-4.648911426332431442e-07
8.537658773652742061e-01,3.124999999999999445e-01,-1.214826980306489549e-05,2.127503122210097253e-08,-3.677672588215888946e-07
8.850158773652742061e-01,3.124999999999999445e-01,-1.278118844360140972e-05,8.852092297704610953e-08,-2.644086146005529488e-07
9.162658773652742061e-01,3.124999999999999445e-01,-1.320401340268397427e-05,1.582184734699305071e-07,-1.582184734779141368e-07
9.475158773652742061e-01,3.124999999999999445e-01,-1.341428216907780723e-05,2.271063305347902934e-07,-5.234829062916737767e-08
9.787658773652742061e-01,3.124999999999999445e-01,-1.341554366976408602e-05,2.921324616446720543e-07,5.032995511822047141e-08
1.010015877365274317e+00,3.124999999999999445e-01,-1.321687018533129342e-05,3.504879478052759446e-07,1.471873415474283139e-07
1.041265877365274317e+00,3.124999999999999445e-01,-1.283224924713229909e-05,3.997554046329913528e-07,2.359291829811272556e-07
1.072515877365274317e+00,3.124999999999999445e-01,-1.227988716446198741e-05,4.380348800565474226e-07,3.146462907167232980e-07
1.103765877365274317e+00,3.124999999999999445e-01,-1.158144021375814601e-05,4.640183915642978314e-07,3.817996408816784563e-07
1.135015877365274317e+00,3.124999999999999445e-01,-1.076122217888052396e-05,4.770888503033652238e-07,4.362615279506647786e-07
1.166265877365274317e+00,3.124999999999999445e-01,-9.845393231839368476e-06,4.773254382490300373e-07,4.773254382492696418e-07
1.197515877365274317e+00,3.124999999999999445e-01,-8.861062869364643921e-06,4.654704904040944605e-07,5.047591074524975121e-07
1.228765877365274317e+00,3.124999999999999445e-01,-7.835274247988214323e-06,4.428441222572180027e-07,5.188685398293955318e-07
1.260015877365274317e+00,3.124999999999999445e-01,-6.793988979147435852e-06,4.111080406223359816e-07,5.203968416729667271e-07
1.291265877365274317e+00,3.124999999999999445e-01,-5.761429080652655025e-06,3.720036428250968838e-07,5.102951688796286329e-07
1.322515877365274317e+00,3.124999999999999445e-01,-4.760014935319739506e-06,3.271605512014846400e-07,4.894070071384775339e-07
1.353765877365274317e+00,3.124999999999999445e-01,-3.810209246401917386e-06,2.783971414966015567e-07,4.589038052398210720e-07
1.385015877365274317e+00,3.124999999999999445e-01,-2.929903781674624210e-06,2.275377146138955497e-07,4.201338523644609009e-07
1.416265877365274317e+00,3.124999999999999445e-01,-2.134251332023138933e-06,1.763347364705916455e-07,3.744873100749560595e-07
1.447515877365274317e+00,3.124999999999999445e-01,-1.435558766744360479e-06,1.264728918438622634e-07,3.234192503238004193e-07
1.478765877365274317e+00,3.124999999999999445e-01,-8.431857776856446916e-07,7.952432346650474399e-08,2.684152614403458856e-07
1.510015877365274317e+00,3.124999999999999445e-01,-3.635187146648736505e-07,3.694401228064906125e-08,2.109586739004152217e-07
1.541265877365274317e+00,3.124999999999999445e-01,0.000000000000000000e+00,-1.717075370345774363e-11,1.525060401852336271e-07
5.683291712335378776e-01,3.281249999999999445e-01,0.000000000000000000e+00,8.385005089510372435e-11,-5.556582374147781090e-07
5.995791712335378776e-01,3.281249999999999445e-01,-1.185168487273015906e-06,-4.322019733096150690e-08,-6.263893255578871062e-07
6.308291712335378776e-01,3.281249999999999445e-01,-2.492445569299812898e-06,-7.912183497438021370e-08,-6.774181931639743522e-07
6.620791712335378776e-01,3.281249999999999445e-01,-3.880162182490748826e-06,-1.049209222351724098e-07,-7.065292203481520783e-07
6.933291712335378776e-01,3.281249999999999445e-01,-5.302936014073665678e-06,-1.181660975432287339e-07,-7.124516047853407308e-07
7.245791712335378776e-01,3.281249999999999445e-01,-6.716346776617366558e-06,-1.187819370034418333e-07,-6.970255970833180299e-07
7.558291712335378776e-01,3.281249999999999445e-01,-8.071505474263516064e-06,-1.006761635722276163e-07,-6.532972319956734330e-07
7.870791712335378776e-01,3.281249999999999445e-01,-9.313144396818035130e-06,-6.334198563566933270e-08,-5.850356536481954142e-07
8.183291712335378776e-01,3.281249999999999445e-01,-1.039968257079037896e-05,-1.045517896443594773e-08,-4.992393999735288536e-07
8.495791712335378776e-01,3.281249999999999445e-01,-1.130294177012398734e-05,5.273276764102173795e-08,-4.025919379784036736e-07
8.808291712335378776e-01,3.281249999999999445e-01,-1.200577162171269328e-05,1.220726472931041582e-07,-2.995207556487619206e-07
9.120791712335378776e-01,3.281249999999999445e-01,-1.249923744074372117e-05,1.937690859556191136e-07,-1.937690859630824533e-07
9.433291712335378776e-01,3.281249999999999445e-01,-1.278118844361661396e-05,2.644086145934255900e-07,-8.852092298467909400e-08
9.745791712335378776e-01,3.281249999999999445e-01,-1.285561262662841041e-05,3.308252897573059685e-07,1.330805724457256526e-08
1.005829171233537878e+00,3.281249999999999445e-01,-1.273202043479410656e-05,3.901319267048909838e-07,1.090926670368072800e-07
1.037079171233537878e+00,3.281249999999999445e-01,-1.242476045620043653e-05,4.398976596305949526e-07,1.966489081912497295e-07
1.068329171233537878e+00,3.281249999999999445e-01,-1.195214988488059450e-05,4.782341774970659587e-07,2.742098863384316187e-07
1.099579171233537878e+00,3.281249999999999445e-01,-1.133550743708444147e-05,5.039816888046811138e-07,3.405087544029571340e-07
1.130829171233537878e+00,3.281249999999999445e-01,-1.059823678227929073e-05,5.167249567874177781e-07,3.947291382954061663e-07
1.162079171233537878e+00,3.281249999999999445e-01,-9.765016762546737877e-06,5.167035639289349671e-07,4.364110409795122244e-07
1.193329171233537878e+00,3.281249999999999445e-01,-8.861062869365113177e-06,5.047591074522755894e-07,4.654704904043370296e-07
1.224579171233537878e+00,3.281249999999999445e-01,-7.911388575298281730e-06,4.821987083116339977e-07,4.821987083118607907e-07
1.255829171233537878e+00,3.281249999999999445e-01,-6.940075757358743750e-06,4.506150042369414561e-07,4.872288705705572439e-07
1.287079171233537878e+00,3.281249999999999445e-01,-5.969715261327124102e-06,4.116821130080119586e-07,4.813936213298097522e-07
1.318329171233537878e+00,3.281249999999999445e-01,-5.021176864342248983e-06,3.670230695282224274e-07,4.655463980030726051e-07
1.349579171233537878e+00,3.281249999999999445e-01,-4.113567073893531011e-06,3.183030431636747294e-07,4.406516811917696109e-07
1.380829171233537878e+00,3.281249999999999445e-01,-3.263778786427332685e-06,2.672739410557592651e-07,4.079340354816190690e-07
1.412079171233537878e+00,3.281249999999999445e-01,-2.486190653437906600e-06,2.156183870827829848e-07,3.686659078098941597e-07
1.443329171233537878e+00,3.281249999999999445e-01,-1.792594035917363852e-06,1.649403017828702808e-07,3.241648294820924611e-07
1.474579171233537878e+00,3.281249999999999445e-01,-1.192106564208806832e-06,1.167428976831394426e-07,2.757822665061090809e-07
1.505829171233537878e+00,3.281249999999999445e-01,-6.911368623223054918e-07,7.239460594748310450e-08,2.248712745526923502e-07
1.537079171233537878e+00,3.281249999999999445e-01,-2.934041106962801409e-07,3.312942085899826696e-08,1.727644747661916165e-07
1.568329171233537878e+00,3.281249999999999445e-01,0.000000000000000000e+00,-9.767589369389827661e-12,1.207533070224487004e-07
5.953924651018016601e-01,3.437499999999999445e-01,0.000000000000000000e+00,6.468958059458039850e-11,-6.001052755112770850e-07
6.266424651018016601e-01,3.437499999999999445e-01,-1.267482656725932135e-06,-3.889765392778921456e-08,-6.638057510573733582e-07
6.578924651018016601e-01,3.437499999999999445e-01,-2.640203355643164543e-06,-6.817697441282505232e-08,-7.049268953110179642e-07
6.891424651018016601e-01,3.437499999999999445e-01,-4.070891493216171929e-06,-8.520313744713112290e-08,-7.216082472100632790e-07
7.203924651018016601e-01,3.437499999999999445e-01,-5.510494897617345169e-06,-8.823656778472525878e-08,-7.143638412781773815e-07
7.516424651018016601e-01,3.437499999999999445e-01,-6.912050611369473181e-06,-7.575480871806184200e-08,-6.814716737711802014e-07
7.828924651018016601e-01,3.437499999999999445e-01,-8.213349102973189421e-06,-3.906020425732412858e-08,-6.159941991791154241e-07
8.141424651018016601e-01,3.437499999999999445e-01,-9.363468706156995855e-06,1.481897065808766079e-08,-5.314566614451507870e-07
8.453924651018016601e-01,3.437499999999999445e-01,-1.033119800292980207e-05,8.037107746334944228e-08,-4.348964702467352080e-07
8.766424651018016601e-01,3.437499999999999445e-01,-1.109874601404695229e-05,1.524226678242006158e-07,-3.319414529919650684e-07
9.078924651018016601e-01,3.437499999999999445e-01,-1.165744644501747535e-05,2.266315729622364392e-07,-2.266315729690766273e-07
9.391424651018016601e-01,3.437499999999999445e-01,-1.200577162172680485e-05,2.995207556422020210e-07,-1.220726473002562397e-07
9.703924651018016601e-01,3.437499999999999445e-01,-1.214826980309310507e-05,3.677672588157588197e-07,-2.127503122895962992e-08
1.001642465101801660e+00,3.437499999999999445e-01,-1.209509624209350668e-05,4.283964849625817430e-07,7.319017814415634481e-08
1.032892465101801660e+00,3.437499999999999445e-01,-1.186124054243740775e-05,4.788216226027693476e-07,1.591282487674512573e-07
1.064142465101801660e+00,3.437499999999999445e-01,-1.146540575204568224e-05,5.171984488211569185e-07,2.349616557574456365e-07
1.095392465101801660e+00,3.437499999999999445e-01,-1.092882820916441632e-05,5.425545838270864855e-07,2.997475405193239376e-07
1.126642465101801660e+00,3.437499999999999445e-01,-1.027421073830706937e-05,5.546641772869029001e-07,3.529589610575330669e-07
1.157892465101801660e+00,3.437499999999999445e-01,-9.524892097573908534e-06,5.540170977432470440e-07,3.944368617201850242e-07
1.189142465101801660e+00,3.437499999999999445e-01,-8.704255487027043886e-06,5.416404001542271701e-07,4.242954959119158009e-07
1.220392465101801660e+00,3.437499999999999445e-01,-7.835274247989110484e-06,5.188685398291871617e-07,4.428441222574427841e-07
1.251642465101801660e+00,3.437499999999999445e-01,-6.940075757359188442e-06,4.872288705703458033e-07,4.506150042371675080e-07
1.282892465101801660e+00,3.437499999999999445e-01,-6.039520639458086807e-06,4.483262698121546288e-07,4.483262698123584461e-07
1.314142465101801660e+00,3.437499999999999445e-01,-5.152933608788448950e-06,4.037476748801531848e-07,4.367847417404724604e-07
1.345392465101801660e+00,3.437499999999999445e-01,-4.297995143626679903e-06,3.550568490778190964e-07,4.168346678117027759e-07
1.376642465101801660e+00,3.437499999999999445e-01,-3.490482524933554824e-06,3.039166300410191475e-07,3.895482783969896693e-07
1.407892465101801660e+00,3.437499999999999445e-01,-2.743907652177509218e-06,2.519489018148254855e-07,3.560906681848825652e-07
1.439142465101801660e+00,3.437499999999999445e-01,-2.069433603093484131e-06,2.006794234971112678e-07,3.176471504944482570e-07
1.470392465101801660e+00,3.437499999999999445e-01,-1.475819769272337555e-06,1.515317143154218923e-07,2.754343569501678883e-07
1.501642465101801660e+00,3.437499999999999445e-01,-9.693793711265539322e-07,1.058074303620334230e-07,2.306769044986771389e-07
1.532892465101801660e+00,3.437499999999999445e-01,-5.539878984832676050e-07,6.466506285854381094e-08,1.845845465928785962e-07
1.564142465101801660e+00,3.437499999999999445e-01,-2.311327129233619945e-07,2.911646196306811528e-08,1.383325847609299819e-07
1.595392465101801660e+00,3.437499999999999445e-01,0.000000000000000000e+00,-2.465153474923003378e-12,9.304420348569324914e-08
6.224557589700653315e-01,3.593749999999999445e-01,0.000000000000000000e+00,8.797603414915496015e-11,-6.406470790388741019e-07
6.537057589700653315e-01,3.593749999999999445e-01,-1.339850331389535212e-06,-3.329881955312096285e-08,-6.951543002385329039e-07
6.849557589700653315e-01,3.593749999999999445e-01,-2.763289062852233943e-06,-5.435270445615424325e-08,-7.239351542954062408e-07
7.162057589700653315e-01,3.593749999999999445e-01,-4.217713471185329675e-06,-6.092902754565308699e-08,-7.261172660995971797e-07
7.474557589700653315e-01,3.593749999999999445e-01,-5.653611314495447916e-06,-5.373805126982268372e-08,-7.050234536805501848e-07
7.787057589700653315e-01,3.593749999999999445e-01,-7.010112139490100999e-06,-2.024572217284369910e-08,-6.454036941423376947e-07
8.099557589700653315e-01,3.593749999999999445e-01,-8.219598647769177813e-06,3.472822707607090527e-08,-5.615166911099103886e-07
8.412057589700653315e-01,3.593749999999999445e-01,-9.246799845955649990e-06,1.035970803662885688e-07,-4.642287391115356576e-07
8.724557589700653315e-01,3.593749999999999445e-01,-1.007299393230633324e-05,1.788421992652350943e-07,-3.612810015873479927e-07
9.037057589700653315e-01,3.593749999999999445e-01,-1.069054223309405005e-05,2.562241755236080854e-07,-2.562241755297359982e-07
9.349557589700653315e-01,3.593749999999999445e-01,-1.109874601405978145e-05,3.319414529860635781e-07,-1.524226678307967790e-07
9.662057589700653315e-01,3.593749999999999445e-01,-1.130294177014995906e-05,4.025919379731723452e-07,-5.273276764747616209e-08
9.974557589700653315e-01,3.593749999999999445e-01,-1.131425665082272936e-05,4.648911426289986621e-07,4.010725695719872598e-08
1.028705758970065443e+00,3.593749999999999445e-01,-1.114861735197709255e-05,5.161259740649626729e-07,1.239309351348105897e-07
1.059955758970065443e+00,3.593749999999999445e-01,-1.082544410148135224e-05,5.545528557207718135e-07,1.974641551163065509e-07
1.091205758970065443e+00,3.593749999999999445e-01,-1.036618920354221783e-05,5.792633623976365266e-07,2.599884705096110160e-07
1.122455758970065443e+00,3.593749999999999445e-01,-9.793034721628603628e-06,5.903546087690243648e-07,3.113713030173849575e-07
1.153705758970065443e+00,3.593749999999999445e-01,-9.128033091532453773e-06,5.887143072978328666e-07,3.518545659449058640e-07
1.184955758970065443e+00,3.593749999999999445e-01,-8.392725935802828710e-06,5.755603864009248583e-07,3.817242422854171104e-07
1.216205758970065443e+00,3.593749999999999445e-01,-7.608010989510597170e-06,5.522886404746681258e-07,4.013202068658226816e-07
1.247455758970065443e+00,3.593749999999999445e-01,-6.793988979148702166e-06,5.203968416728168022e-07,4.111080406225595454e-07
1.278705758970065443e+00,3.593749999999999445e-01,-5.969715261327916925e-06,4.813936213296798385e-07,4.116821130082607216e-07
1.309955758970065443e+00,3.593749999999999445e-01,-5.152933608788788610e-06,4.367847417403275119e-07,4.037476748803461495e-07
1.341205758970065443e+00,3.593749999999999445e-01,-4.359873603212157643e-06,3.880979513184600026e-07,3.880979513185970102e-07
1.372455758970065443e+00,3.593749999999999445e-01,-3.605069553521797277e-06,3.369062296669023876e-07,3.656559086223916959e-07
1.403705758970065443e+00,3.593749999999999445e-01,-2.901069582452636662e-06,2.847650627830948861e-07,3.374687657637199880e-07
1.434955758970065443e+00,3.593749999999999445e-01,-2.258307528535879030e-06,2.331214436069750542e-07,3.045961740642107677e-07
1.466205758970065443e+00,3.593749999999999445e-01,-1.685074535145584238e-06,1.833198910011344200e-07,2.681218971559766643e-07
1.497455758970065443e+00,3.593749999999999445e-01,-1.187476146019241345e-06,1.365893992000370722e-07,2.291438964555712943e-07
1.528705758970065443e+00,3.593749999999999445e-01,-7.694291875529772977e-07,9.402512068640005253e-08,1.887496187974101938e-07
1.559955758970065443e+00,3.593749999999999445e-01,-4.327013514751254836e-07,5.657244290270174642e-08,1.479979542332286871e-07
1.591205758970065443e+00,3.593749999999999445e-01,-1.769847943294242820e-07,2.502123643752330026e-08,1.079029424058380075e-07
1.622455758970065443e+00,3.593749999999999445e-01,0.000000000000000000e+00,4.471143981360223782e-12,6.942006830854456646e-08
6.495190528383290030e-01,3.749999999999999445e-01,0.000000000000000000e+00,1.943999553305802781e-10,-6.759406392244772752e-07
6.807690528383290030e-01,3.749999999999999445e-01,-1.399271506349152559e-06,-2.598429948277024883e-08,-7.186202685666952485e-07
7.120190528383290030e-01,3.749999999999999445e-01,-2.855755771731748384e-06,-3.775427943236175552e-08,-7.331332468846654796e-07
7.432690528383290030e-01,3.749999999999999445e-01,-4.313118303786358551e-06,-3.303623190097499940e-08,-7.203621995918558108e-07
7.745190528383290030e-01,3.749999999999999445e-01,-5.717360027618090573e-06,-8.932523741838924448e-09,-6.754371011684672672e-07
8.057690528383290030e-01,3.749999999999999445e-01,-6.984146687906333963e-06,4.909487571017792040e-08,-5.886313734723047790e-07
8.370190528383290030e-01,3.749999999999999445e-01,-8.065492652233620296e-06,1.211363235633609389e-07,-4.908798226158758578e-07
8.682690528383290030e-01,3.749999999999999445e-01,-8.943783194510639370e-06,2.005496918542786755e-07,-3.870259303834160265e-07
8.995190528383290030e-01,3.749999999999999445e-01,-9.612766185626112509e-06,2.819837849634055363e-07,-2.819837849687076449e-07
9.307690528383290030e-01,3.749999999999999445e-01,-1.007299393231765468e-05,3.612810015822228081e-07,-1.788421992711645103e-07
9.620190528383290030e-01,3.749999999999999445e-01,-1.033119800295311072e-05,4.348964702422210518e-07,-8.037107746930096046e-08
9.932690528383290030e-01,3.749999999999999445e-01,-1.039968257082517507e-05,4.992393999699749151e-07,1.045517895896566668e-08
1.024519052838329003e+00,3.749999999999999445e-01,-1.029570806288287110e-05,5.515974718328138851e-07,9.176608443444038253e-08
1.055769052838329003e+00,3.749999999999999445e-01,-1.003990297663391692e-05,5.899270097973008821e-07,1.622636581609492896e-07
1.087019052838329003e+00,3.749999999999999445e-01,-9.654259047918755711e-06,6.135761847010894289e-07,2.216327476780700365e-07
1.118269052838329003e+00,3.749999999999999445e-01,-9.160535424793496621e-06,6.232589892846713846e-07,2.703884264482018020e-07
1.149519052838329003e+00,3.749999999999999445e-01,-8.579462235423711389e-06,6.202037286408907296e-07,3.090815184684801718e-07
1.180769052838329003e+00,3.749999999999999445e-01,-7.930656003788493551e-06,6.058918530278591051e-07,3.381845895485394351e-07
1.212019052838329003e+00,3.749999999999999445e-01,-7.232839339289737041e-06,5.818768936629674191e-07,3.581226841920675020e-07
1.243269052838329003e+00,3.749999999999999445e-01,-6.504023109388950519e-06,5.495593497727964650e-07,3.692482169058986019e-07
1.274519052838329003e+00,3.749999999999999445e-01,-5.761429080654137333e-06,5.102951688795679642e-07,3.720036428253339472e-07
1.305769052838329003e+00,3.749999999999999445e-01,-5.021176864343227306e-06,4.655463980030280300e-07,3.670230695284670611e-07
1.337019052838329003e+00,3.749999999999999445e-01,-4.297995143627207605e-06,4.168346678116663005e-07,3.550568490780234961e-07
1.368269052838329003e+00,3.749999999999999445e-01,-3.605069553521988283e-06,3.656559086223311330e-07,3.369062296670296013e-07
1.399519052838329003e+00,3.749999999999999445e-01,-2.953878784916578495e-06,3.134777447306612024e-07,3.134777447307243063e-07
1.430769052838329003e+00,3.749999999999999445e-01,-2.354038439435218264e-06,2.616728313892795995e-07,2.857133706441265002e-07
1.462019052838329003e+00,3.749999999999999445e-01,-1.813267500241369576e-06,2.115079900700144006e-07,2.545689508186474822e-07
1.493269052838329003e+00,3.749999999999999445e-01,-1.337355564283417285e-06,1.641391740208414384e-07,2.210160345595506163e-07
1.524519052838329003e+00,3.749999999999999445e-01,-9.301514266726874002e-07,1.205924016433755988e-07,1.860203692744609452e-07
1.555769052838329003e+00,3.749999999999999445e-01,-5.935934455736985517e-07,8.175132379940195100e-08,1.505241486003008120e-07
1.587019052838329003e+00,3.749999999999999445e-01,-3.277709478867269463e-07,4.834796999404434682e-08,1.154319194883609832e-07
1.618269052838329003e+00,3.749999999999999445e-01,-1.310128189944580902e-07,2.095520385951424894e-08,8.159750387636013714e-08
1.649519052838329003e+00,3.749999999999999445e-01,0.000000000000000000e+00,1.099870815762661801e-11,4.981326768878174848e-08
6.765823467065927854e-01,3.906249999999999445e-01,0.000000000000000000e+00,-7.720594393129540784e-11,-7.048897664346279104e-07
7.078323467065927854e-01,3.906249999999999445e-01,-1.442797050176174457e-06,-1.712505268771588954e-08,-7.328279880016334886e-07
7.390823467065927854e-01,3.906249999999999445e-01,-2.911143399571069985e-06,-1.714040404203963123e-08,-7.301831379539902742e-07
7.703323467065927854e-01,3.906249999999999445e-01,-4.349190874094253952e-06,-1.713540905983247114e-09,-7.018332217309529214e-07
8.015823467065927854e-01,3.906249999999999445e-01,-5.674292655503031023e-06,5.513729991335726023e-08,-6.157950635673144841e-07
8.328323467065927854e-01,3.906249999999999445e-01,-6.805312279324252740e-06,1.315167276266438299e-07,-5.148027187597365044e-07
8.640823467065927854e-01,3.906249999999999445e-01,-7.728993045103578683e-06,2.170502396337961034e-07,-4.085309816442312147e-07
8.953323467065927854e-01,3.906249999999999445e-01,-8.440593728370118917e-06,3.033090317080949928e-07,-3.033090317125113168e-07
9.265823467065927854e-01,3.906249999999999445e-01,-8.943783194520273523e-06,3.870259303791379807e-07,-2.005496918594315739e-07
9.578323467065927854e-01,3.906249999999999445e-01,-9.246799845975907630e-06,4.642287391077666786e-07,-1.035970803716622649e-07
9.890823467065927854e-01,3.906249999999999445e-01,-9.363468706187716046e-06,5.314566614422877098e-07,-1.481897066310082033e-08
1.020332346706592785e+00,3.906249999999999445e-01,-9.313144396858172633e-06,5.850356536463959986e-07,6.334198563130912472e-08
1.051582346706592785e+00,3.906249999999999445e-01,-9.118228224665734968e-06,6.228488727986763986e-07,1.297692019907878487e-07
1.082832346706592785e+00,3.906249999999999445e-01,-8.801533137499565379e-06,6.450845510812370720e-07,1.851520114624952120e-07
1.114082346706592785e+00,3.906249999999999445e-01,-8.384449558834114978e-06,6.527966561064394986e-07,2.303901601592008600e-07
1.145332346706592785e+00,3.906249999999999445e-01,-7.886246558943838325e-06,6.477458155451940529e-07,2.664223558559600846e-07
1.176582346706592785e+00,3.906249999999999445e-01,-7.324346470732898351e-06,6.319997119211212832e-07,2.940982639030231670e-07
1.207832346706592785e+00,3.906249999999999445e-01,-6.715140530023081377e-06,6.070773423799485401e-07,3.137542571055572434e-07
1.239082346706592785e+00,3.906249999999999445e-01,-6.074578062425180550e-06,5.741114005298987230e-07,3.255267126949821304e-07
1.270332346706592785e+00,3.906249999999999445e-01,-5.418063907119053336e-06,5.343914585032547302e-07,3.297930200816457575e-07
1.301582346706592785e+00,3.906249999999999445e-01,-4.760014935321205720e-06,4.894070071385554610e-07,3.271605512017561670e-07
1.332832346706592785e+00,3.906249999999999445e-01,-4.113567073894475453e-06,4.406516811918339324e-07,3.183030431639127456e-07
1.364082346706592785e+00,3.906249999999999445e-01,-3.490482524934082949e-06,3.895482783970203743e-07,3.039166300411936892e-07
1.395332346706592785e+00,3.906249999999999445e-01,-2.901069582452884419e-06,3.374687657637153293e-07,2.847650627832031475e-07
1.426582346706592785e+00,3.906249999999999445e-01,-2.354038439435302967e-06,2.857133706441007716e-07,2.616728313893358742e-07
1.457832346706592785e+00,3.906249999999999445e-01,-1.856438423054370055e-06,2.354735225530395585e-07,2.354735225530697340e-07
1.489082346706592785e+00,3.906249999999999445e-01,-1.413639388524361941e-06,1.878298529981061977e-07,2.070128153037193262e-07
1.520332346706592785e+00,3.906249999999999445e-01,-1.029318226827106370e-06,1.437377562039403358e-07,1.771349839654311023e-07
1.551582346706592785e+00,3.906249999999999445e-01,-7.054798112607247789e-07,1.040143355438574935e-07,1.466653698308412096e-07
1.582832346706592785e+00,3.906249999999999445e-01,-4.425075340028995109e-07,6.933160980612181125e-08,1.163981252522499301e-07
1.614082346706592785e+00,3.906249999999999445e-01,-2.392371282475711351e-07,4.021303260180275541e-08,8.708490371893867666e-08
1.645332346706592785e+00,3.906249999999999445e-01,-9.305250423704620053e-08,1.702341817162043963e-08,5.942428384305897057e-08
1.676582346706592785e+00,3.906249999999999445e-01,0.000000000000000000e+00,1.707875607948402087e-11,3.405359656101258439e-08
7.036456405748564569e-01,4.062499999999999445e-01,0.000000000000000000e+00,5.263409104391618973e-12,-7.253268462462421568e-07
7.348956405748564569e-01,4.062499999999999445e-01,-1.467419132885301758e-06,-7.469122618416249847e-09,-7.368736363503987510e-07
7.661456405748564569e-01,4.062499999999999445e-01,-2.924139778989675168e-06,6.650031818961461383e-09,-7.156828253860118043e-07
7.973956405748564569e-01,4.062499999999999445e-01,-4.304971769507860467e-06,4.653811751918415702e-08,-6.510642986048939496e-07
8.286456405748564569e-01,4.062499999999999445e-01,-5.487907034547697756e-06,1.355507519816468021e-07,-5.334705263040694498e-07
8.598956405748564569e-01,4.062499999999999445e-01,-6.448476326866036194e-06,2.267993258313496881e-07,-4.263285490139041623e-07
8.911456405748564569e-01,4.062499999999999445e-01,-7.193369507396190400e-06,3.193020666600386556e-07,-3.193020666636136640e-07
9.223956405748564569e-01,4.062499999999999445e-01,-7.728993045111473030e-06,4.085309816408024254e-07,-2.170502396380815872e-07
9.536456405748564569e-01,4.062499999999999445e-01,-8.065492652250559261e-06,4.908798226128831845e-07,-1.211363235680402400e-07
9.848956405748564569e-01,4.062499999999999445e-01,-8.219598647795412118e-06,5.615166911077086323e-07,-3.472822708059506044e-08
1.016145640574856568e+00,4.062499999999999445e-01,-8.213349103007965205e-06,6.159941991779279898e-07,3.906020425334848018e-08
1.047395640574856568e+00,4.062499999999999445e-01,-8.071505474305472994e-06,6.532972319956396576e-07,1.006761635690376373e-07
1.078645640574856568e+00,4.062499999999999445e-01,-7.818213040830577462e-06,6.733683461887147412e-07,1.509769926511053989e-07
1.109895640574856568e+00,4.062499999999999445e-01,-7.474499543931630262e-06,6.780145188018701550e-07,1.914756663176013757e-07
1.141145640574856568e+00,4.062499999999999445e-01,-7.057578385649104888e-06,6.706008517316717180e-07,2.242012945550180390e-07
1.172395640574856568e+00,4.062499999999999445e-01,-6.582178762572788340e-06,6.533695859361086891e-07,2.499622761913147729e-07
1.203645640574856568e+00,4.062499999999999445e-01,-6.062391540042137334e-06,6.272851439375368404e-07,2.686553445347710448e-07
1.234895640574856568e+00,4.062499999999999445e-01,-5.512256948262719803e-06,5.933656330288726662e-07,2.803673671035147249e-07
1.266145640574856568e+00,4.062499999999999445e-01,-4.945315467382418643e-06,5.530110848646334596e-07,2.855281142132015586e-07
1.297395640574856568e+00,4.062499999999999445e-01,-4.374148400800186515e-06,5.077137831786556032e-07,2.846808486498385266e-07
1.328645640574856568e+00,4.062499999999999445e-01,-3.810209246403126949e-06,4.589038052399921727e-07,2.783971414968606959e-07
1.359895640574856568e+00,4.062499999999999445e-01,-3.263778786428090356e-06,4.079340354817279127e-07,2.672739410559517004e-07
1.391145640574856568e+00,4.062499999999999445e-01,-2.743907652177949251e-06,3.560906681849274579e-07,2.519489018149498935e-07
1.422395640574856568e+00,4.062499999999999445e-01,-2.258307528536118317e-06,3.045961740642193439e-07,2.331214436070529548e-07
1.453645640574856568e+00,4.062499999999999445e-01,-1.813267500241485408e-06,2.545689508186418176e-07,2.115079900700632109e-07
1.484895640574856568e+00,4.062499999999999445e-01,-1.413639388524401328e-06,2.070128153037101677e-07,1.878298529981352085e-07
1.516145640574856568e+00,4.062499999999999445e-01,-1.062829326539980207e-06,1.628094278685003085e-07,1.628094278685087788e-07
1.547395640574856568e+00,4.062499999999999445e-01,-7.628101838347335142e-07,1.227070075081137971e-07,1.371551906113882099e-07
1.578645640574856568e+00,4.062499999999999445e-01,-5.141616244899244997e-07,8.731404554299649402e-08,1.115502031533493840e-07
1.609895640574856568e+00,4.062499999999999445e-01,-3.161305377360048230e-07,5.709587569564257031e-08,8.664258848912401079e-08
1.641145640574856568e+00,4.062499999999999445e-01,-1.667101662660458045e-07,3.237597584352514576e-08,6.303639006790908781e-08
1.672395640574856568e+00,4.062499999999999445e-01,-6.273655730807250925e-08,1.332367091965974724e-08,4.128368215677955051e-08
1.703645640574856568e+00,4.062499999999999445e-01,0.000000000000000000e+00,2.239235172627159570e-11,2.187634080081833599e-08
7.307089344431201283e-01,4.218749999999999445e-01,0.000000000000000000e+00,1.356432388054353880e-09,-7.347482937100646360e-07
7.619589344431201283e-01,4.218749999999999445e-01,-1.467537339321610317e-06,7.049585616784378571e-09,-7.257184836145191398e-07
7.932089344431201283e-01,4.218749999999999445e-01,-2.887791365187553028e-06,3.128671384840121517e-08,-6.871225114171843507e-07
8.244589344431201283e-01,4.218749999999999445e-01,-4.136419540710507386e-06,1.276237659945216854e-07,-5.536188949617608221e-07
8.557089344431201283e-01,4.218749999999999445e-01,-5.125552650313864325e-06,2.274611750942430039e-07,-4.394507477105335258e-07
8.869589344431201283e-01,4.218749999999999445e-01,-5.894061333427593511e-06,3.293810778007074361e-07,-3.293810778034565345e-07
9.182089344431201283e-01,4.218749999999999445e-01,-6.448476326872250875e-06,4.263285490112978419e-07,-2.267993258347773393e-07
9.494589344431201283e-01,4.218749999999999445e-01,-6.805312279337833219e-06,5.148027187575020315e-07,-1.315167276305358668e-07
9.807089344431201283e-01,4.218749999999999445e-01,-6.984146687927833353e-06,5.886313734707504735e-07,-4.909487571412447852e-08
1.011958934443120128e+00,4.218749999999999445e-01,-7.010112139519124583e-06,6.454036941417662651e-07,2.024572216932172618e-08
1.043208934443120128e+00,4.218749999999999445e-01,-6.912050611404902028e-06,6.814716737717014443e-07,7.575480871521454075e-08
1.074458934443120128e+00,4.218749999999999445e-01,-6.716346776657757324e-06,6.970255970848944641e-07,1.187819370013127895e-07
1.105708934443120128e+00,4.218749999999999445e-01,-6.442633257106401515e-06,6.979155927983859820e-07,1.537838957698300884e-07
1.136958934443120128e+00,4.218749999999999445e-01,-6.104708905768709274e-06,6.883890883729997057e-07,1.829977311177457445e-07
1.168208934443120128e+00,4.218749999999999445e-01,-5.714497906836632983e-06,6.694424926208839165e-07,2.061885459599809111e-07
1.199458934443120128e+00,4.218749999999999445e-01,-5.284179575636714957e-06,6.417476392294945221e-07,2.231494638220765713e-07
1.230708934443120128e+00,4.218749999999999445e-01,-4.825906241719119023e-06,6.065991162916656458e-07,2.341732829580103892e-07
1.261958934443120128e+00,4.218749999999999445e-01,-4.351177031049664248e-06,5.654666215833188397e-07,2.396678028271585853e-07
1.293208934443120128e+00,4.218749999999999445e-01,-3.870623776125954334e-06,5.197816553089346553e-07,2.400730189798563368e-07
1.324458934443120128e+00,4.218749999999999445e-01,-3.393953634097513160e-06,4.709094358841546837e-07,2.358645719891493067e-07
1.355708934443120128e+00,4.218749999999999445e-01,-2.929903781675486913e-06,4.201338523646217842e-07,2.275377146140785089e-07
1.386958934443120128e+00,4.218749999999999445e-01,-2.486190653438465219e-06,3.686659078099808747e-07,2.156183870829069692e-07
1.418208934443120128e+00,4.218749999999999445e-01,-2.069433603093838614e-06,3.176471504944878558e-07,2.006794234971948064e-07
1.449458934443120128e+00,4.218749999999999445e-01,-1.685074535145793455e-06,2.681218971560000636e-07,1.833198910011958564e-07
1.480708934443120128e+00,4.218749999999999445e-01,-1.337355564283522529e-06,2.210160345595680334e-07,1.641391740208858282e-07
1.511958934443120128e+00,4.218749999999999445e-01,-1.029318226827138345e-06,1.771349839654456342e-07,1.437377562039689232e-07
1.543208934443120128e+00,4.218749999999999445e-01,-7.628101838347354200e-07,1.371551906113891628e-07,1.227070075081168940e-07
1.574458934443120128e+00,4.218749999999999445e-01,-5.385149432702081755e-07,1.016181922387073167e-07,1.016181922387070256e-07
1.605708934443120128e+00,4.218749999999999445e-01,-3.560001125476250058e-07,7.092877183617352415e-08,8.101465873292560986e-08
1.636958934443120128e+00,4.218749999999999445e-01,-2.137809021486469126e-07,4.535415029663433140e-08,6.140417339930503344e-08
1.668208934443120128e+00,4.218749999999999445e-01,-1.093988141261314638e-07,2.502930535468991808e-08,4.325168416948239986e-08
1.699458934443120128e+00,4.218749999999999445e-01,-3.951181862088145503e-08,9.943903706573080206e-09,2.697454621351195157e-08
1.730708934443120128e+00,4.218749999999999445e-01,0.000000000000000000e+00,2.616665632297095160e-11,1.293442446804216642e-08
7.577722283113839108e-01,4.374999999999999445e-01,0.000000000000000000e+00,-1.590475335855515968e-09,-7.352224311145360259e-07
7.890222283113839108e-01,4.374999999999999445e-01,-1.440914350856083078e-06,2.448518978614332995e-08,-6.991072800479074932e-07
8.202722283113839108e-01,4.374999999999999445e-01,-2.767624951450348746e-06,8.734563984779431819e-08,-5.998354352854685929e-07
8.515222283113839108e-01,4.374999999999999445e-01,-3.792789423447633396e-06,2.231332939371266482e-07,-4.392497075243388203e-07
8.827722283113839108e-01,4.374999999999999445e-01,-4.566052153814953026e-06,3.338171839901469519e-07,-3.338171839921257267e-07
9.140222283113839108e-01,4.374999999999999445e-01,-5.125552650318502678e-06,4.394507477086650770e-07,-2.274611750968636180e-07
9.452722283113839108e-01,4.374999999999999445e-01,-5.487907034558054428e-06,5.334705263025612018e-07,-1.355507519847154436e-07
9.765222283113839108e-01,4.374999999999999445e-01,-5.674292655519765853e-06,6.157950635664175821e-07,-5.513729991660361326e-08
1.007772228311383911e+00,4.374999999999999445e-01,-5.717360027641136645e-06,6.754371011684862195e-07,8.932523738844593496e-09
1.039022228311383911e+00,4.374999999999999445e-01,-5.653611314523964127e-06,7.050234536816350222e-07,5.373805126737337545e-08
1.070272228311383911e+00,4.374999999999999445e-01,-5.510494897650103321e-06,7.143638412803105281e-07,8.823656778293232826e-08
1.101522228311383911e+00,4.374999999999999445e-01,-5.302936014109434185e-06,7.124516047883414509e-07,1.181660975420049962e-07
1.132772228311383911e+00,4.374999999999999445e-01,-5.040649664963282522e-06,7.007084338024456748e-07,1.432518673262331103e-07
1.164022228311383911e+00,4.374999999999999445e-01,-4.733625464206859766e-06,6.793677542564691158e-07,1.629602849320034769e-07
1.195272228311383911e+00,4.374999999999999445e-01,-4.392289811012802752e-06,6.496762276367799440e-07,1.775542270508840278e-07
1.226522228311383911e+00,4.374999999999999445e-01,-4.026620217911507064e-06,6.130900940748177482e-07,1.873388864738867611e-07
1.257772228311383911e+00,4.374999999999999445e-01,-3.645928498741099978e-06,5.710340429299033123e-07,1.926316276702182846e-07
1.289022228311383911e+00,4.374999999999999445e-01,-3.258839558438241892e-06,5.248895579324030337e-07,1.937938296201481147e-07
1.320272228311383911e+00,4.374999999999999445e-01,-2.873249170989485396e-06,4.759517370209195678e-07,1.911979302431549424e-07
1.351522228311383911e+00,4.374999999999999445e-01,-2.496282922398066755e-06,4.254365676383191759e-07,1.852375339615646735e-07
1.382772228311383911e+00,4.374999999999999445e-01,-2.134251332023724656e-06,3.744873100750696149e-07,1.763347364706944277e-07
1.414022228311383911e+00,4.374999999999999445e-01,-1.792594035917770640e-06,3.241648294821623413e-07,1.649403017829469109e-07
1.445272228311383911e+00,4.374999999999999445e-01,-1.475819769272602253e-06,2.754343569502200337e-07,1.515317143154891785e-07
1.476522228311383911e+00,4.374999999999999445e-01,-1.187476146019387034e-06,2.291438964556097284e-07,1.365893992000894294e-07
1.507772228311383911e+00,4.374999999999999445e-01,-9.301514266727440456e-07,1.860203692744871503e-07,1.205924016434119683e-07
1.539022228311383911e+00,4.374999999999999445e-01,-7.054798112607324022e-07,1.466653698308490182e-07,1.040143355438689020e-07
1.570272228311383911e+00,4.374999999999999445e-01,-5.141616244899243938e-07,1.115502031533498870e-07,8.731404554299679842e-08
1.601522228311383911e+00,4.374999999999999445e-01,-3.560001125476250058e-07,8.101465873292500105e-08,7.092877183617290211e-08
1.632772228311383911e+00,4.374999999999999445e-01,-2.299504513675388844e-07,5.526830251264751327e-08,5.526830251264763900e-08
1.664022228311383911e+00,4.374999999999999445e-01,-1.341809040589075662e-07,3.439180310029412189e-08,4.070877270182016406e-08
1.695272228311383911e+00,4.374999999999999445e-01,-6.614514411946644731e-08,1.834655253983268394e-08,2.758846687767065332e-08
1.726522228311383911e+00,4.374999999999999445e-01,-2.266267550697420125e-08,6.958709799912202834e-09,1.620110873298276204e-08
1.757772228311383911e+00,4.374999999999999445e-01,0.000000000000000000e+00,3.296832415480099565e-11,6.809086475180233370e-09
7.848355221796475822e-01,4.531249999999999445e-01,0.000000000000000000e+00,-3.458393002197206166e-09,-7.215134109949229297e-07
8.160855221796475822e-01,4.531249999999999445e-01,-1.387871840958207508e-06,3.063110778398987565e-08,-6.626891726578216961e-07
8.473355221796475822e-01,4.531249999999999445e-01,-2.484141737329115243e-06,2.120844423802556658e-07,-4.347001565815046138e-07
8.785855221796475822e-01,4.531249999999999445e-01,-3.236898953455386294e-06,3.279320676045212001e-07,-3.279320676058366952e-07
9.098355221796475822e-01,4.531249999999999445e-01,-3.792789423450847462e-06,4.392497075231367217e-07,-2.231332939390025880e-07
9.410855221796475822e-01,4.531249999999999445e-01,-4.136419540717879961e-06,5.536188949609347532e-07,-1.276237659967757724e-07
9.723355221796475822e-01,4.531249999999999445e-01,-4.304971769519995908e-06,6.510642986046667330e-07,-4.653811752165681163e-08
1.003585522179647693e+00,4.531249999999999445e-01,-4.349190874111271691e-06,7.018332217315977252e-07,1.713540903625928986e-09
1.034835522179647693e+00,4.531249999999999445e-01,-4.313118303807702934e-06,7.203621995935370653e-07,3.303623189903770932e-08
1.066085522179647693e+00,4.531249999999999445e-01,-4.217713471210061343e-06,7.261172661022470164e-07,6.092902754421771026e-08
1.097335522179647693e+00,4.531249999999999445e-01,-4.070891493243293924e-06,7.216082472135080561e-07,8.520313744616227602e-08
1.128585522179647693e+00,4.531249999999999445e-01,-3.880162182519368375e-06,7.065292203522300125e-07,1.049209222346430275e-07
1.159835522179647693e+00,4.531249999999999445e-01,-3.654054969325503227e-06,6.822807927062630660e-07,1.205157303172401152e-07
1.191085522179647693e+00,4.531249999999999445e-01,-3.400710250060197807e-06,6.503186072093611255e-07,1.322048787106038576e-07
1.222335522179647693e+00,4.531249999999999445e-01,-3.127713055438231723e-06,6.120670986985672446e-07,1.402077349832594514e-07
1.253585522179647693e+00,4.531249999999999445e-01,-2.842144092518064546e-06,5.689525942363490415e-07,1.448118475008233584e-07
1.284835522179647693e+00,4.531249999999999445e-01,-2.550556796026627077e-06,5.222811985241625632e-07,1.462725210391823794e-07
1.316085522179647693e+00,4.531249999999999445e-01,-2.258968936985710309e-06,4.732768889161418368e-07,1.448602542180814003e-07
1.347335522179647693e+00,4.531249999999999445e-01,-1.972827023769561479e-06,4.230986076172913534e-07,1.408760145852265460e-07
1.378585522179647693e+00,4.531249999999999445e-01,-1.696963057288066318e-06,3.728190783678907775e-07,1.346355640535653266e-07
1.409835522179647693e+00,4.531249999999999445e-01,-1.435558766744743762e-06,3.234192503238928518e-07,1.264728918439254997e-07
1.441085522179647693e+00,4.531249999999999445e-01,-1.192106564209072377e-06,2.757822665061793846e-07,1.167428976831958100e-07
1.472335522179647693e+00,4.531249999999999445e-01,-9.693793711267121156e-07,2.306769044987303961e-07,1.058074303620831465e-07
1.503585522179647693e+00,4.531249999999999445e-01,-7.694291875530471779e-07,1.887496187974455309e-07,9.402512068643773226e-08
1.534835522179647693e+00,4.531249999999999445e-01,-5.935934455737133747e-07,1.505241486003147351e-07,8.175132379941887842e-08
1.566085522179647693e+00,4.531249999999999445e-01,-4.425075340028992991e-07,1.163981252522495860e-07,6.933160980612207595e-08
1.597335522179647693e+00,4.531249999999999445e-01,-3.161305377360055642e-07,8.664258848912377257e-08,5.709587569564258354e-08
1.628585522179647693e+00,4.531249999999999445e-01,-2.137809021486473890e-07,6.140417339930505991e-08,4.535415029663463580e-08
1.659835522179647693e+00,4.531249999999999445e-01,-1.341809040589077515e-07,4.070877270182001848e-08,3.439180310029410204e-08
1.691085522179647693e+00,4.531249999999999445e-01,-7.551084755847465119e-08,2.446497429270528719e-08,2.446497429270533351e-08
1.722335522179647693e+00,4.531249999999999445e-01,-3.546505443685323662e-08,1.248189396510892602e-08,1.580227800361608367e-08
1.753585522179647693e+00,4.531249999999999445e-01,-1.132337919985010163e-08,4.440845000541964686e-09,8.593717193196659401e-09
1.784835522179647693e+00,4.531249999999999445e-01,0.000000000000000000e+00,3.190045399308363082e-11,3.004063507551997221e-09
8.118988160479112537e-01,4.687499999999999445e-01,0.000000000000000000e+00,3.826042590099969898e-08,-6.513448876174765371e-07
8.431488160479112537e-01,4.687499999999999445e-01,-1.212139197788189779e-06,1.296090253532757015e-07,-4.935895927110551123e-07
8.743988160479112537e-01,4.687499999999999445e-01,-1.973109843398776366e-06,2.976562160701771211e-07,-2.976562160709316157e-07
9.056488160479112537e-01,4.687499999999999445e-01,-2.484141737331069772e-06,4.347001565809091497e-07,-2.120844423814362709e-07
9.368988160479112537e-01,4.687499999999999445e-01,-2.767624951454987946e-06,5.998354352852927277e-07,-8.734563984927260245e-08
9.681488160479112537e-01,4.687499999999999445e-01,-2.887791365195330908e-06,6.871225114176454543e-07,-3.128671385004649726e-08
9.993988160479112537e-01,4.687499999999999445e-01,-2.924139779000756476e-06,7.156828253873130587e-07,-6.650031820581577330e-09
1.030648816047911254e+00,4.687499999999999445e-01,-2.911143399585167578e-06,7.301831379562440171e-07,1.714040404067866104e-08
1.061898816047911254e+00,4.687499999999999445e-01,-2.855755771748226986e-06,7.331332468877979134e-07,3.775427943134298664e-08
1.093148816047911254e+00,4.687499999999999445e-01,-2.763289062870402376e-06,7.239351542992570643e-07,5.435270445547882712e-08
1.124398816047911254e+00,4.687499999999999445e-01,-2.640203355662404896e-06,7.049268953153848426e-07,6.817697441243022909e-08
1.155648816047911254e+00,4.687499999999999445e-01,-2.492445569319532249e-06,6.774181931687294893e-07,7.912183497429762799e-08
1.186898816047911254e+00,4.687499999999999445e-01,-2.325567605937744597e-06,6.428329206149416820e-07,8.732610290380246850e-08
1.218148816047911254e+00,4.687499999999999445e-01,-2.144734031626292217e-06,6.027288185063561884e-07,9.308889358766205171e-08
1.249398816047911254e+00,4.687499999999999445e-01,-1.954705570387662610e-06,5.584262657106281466e-07,9.655737509953689907e-08
1.280648816047911254e+00,4.687499999999999445e-01,-1.759908037060272231e-06,5.111553553208217930e-07,9.788881898081391210e-08
1.311898816047911254e+00,4.687499999999999445e-01,-1.564421307083439421e-06,4.620977216978964188e-07,9.727671540918937781e-08
1.343148816047911254e+00,4.687499999999999445e-01,-1.371939327492978452e-06,4.123447326919956478e-07,9.491891066449273698e-08
1.374398816047911254e+00,4.687499999999999445e-01,-1.185746384049048765e-06,3.628948940283912282e-07,9.102409698670256491e-08
1.405648816047911254e+00,4.687499999999999445e-01,-1.008695926885711666e-06,3.146519213636666165e-07,8.581467305557748066e-08
1.436898816047911254e+00,4.687499999999999445e-01,-8.431857776858586733e-07,2.684152614404231773e-07,7.952432346654544128e-08
1.468148816047911254e+00,4.687499999999999445e-01,-6.911368623224387937e-07,2.248712745527527807e-07,7.239460594752263711e-08
1.499398816047911254e+00,4.687499999999999445e-01,-5.539878984833315560e-07,1.845845465929165009e-07,6.466506285857325857e-08
1.530648816047911254e+00,4.687499999999999445e-01,-4.327013514751440654e-07,1.479979542332437484e-07,5.657244290271684743e-08
1.561898816047911254e+00,4.687499999999999445e-01,-3.277709478867282698e-07,1.154319194883627567e-07,4.834796999404686807e-08
1.593148816047911254e+00,4.687499999999999445e-01,-2.392371282475717704e-07,8.708490371893865020e-08,4.021303260180268923e-08
1.624398816047911254e+00,4.687499999999999445e-01,-1.667101662660466251e-07,6.303639006790912751e-08,3.237597584352521194e-08
1.655648816047911254e+00,4.687499999999999445e-01,-1.093988141261317285e-07,4.325168416948261823e-08,2.502930535469017285e-08
1.686898816047911254e+00,4.687499999999999445e-01,-6.614514411946651349e-08,2.758846687767085184e-08,1.834655253983278651e-08
1.718148816047911254e+00,4.687499999999999445e-01,-3.546505443685324323e-08,1.580227800361603404e-08,1.248189396510886315e-08
1.749398816047911254e+00,4.687499999999999445e-01,-1.559118792339612778e-08,7.560704730580320488e-09,7.560704730580332069e-09
1.780648816047911254e+00,4.687499999999999445e-01,-4.508822827258945279e-09,2.445904622728357546e-09,3.709309458051757590e-09
1.811898816047911254e+00,4.687499999999999445e-01,0.000000000000000000e+00,4.494133050308461890e-11,9.920529143395272593e-10
8.389621099161750362e-01,4.843749999999999445e-01,0.000000000000000000e+00,-9.189461655600920842e-08,-6.761402498960011609e-07
8.702121099161750362e-01,4.843749999999999445e-01,-8.835519234903367669e-07,2.473255838099093957e-07,-2.473255838101992927e-07
9.014621099161750362e-01,4.843749999999999445e-01,-1.212139197789068152e-06,4.935895927109905260e-07,-1.296090253538322815e-07
9.327121099161750362e-01,4.843749999999999445e-01,-1.387871840960376971e-06,6.626891726582549535e-07,-3.063110778472161285e-08
9.639621099161750362e-01,4.843749999999999445e-01,-1.440914350859806211e-06,6.991072800490438938e-07,-2.448518978695635585e-08
9.952121099161750362e-01,4.843749999999999445e-01,-1.467537339326984317e-06,7.257184836164707037e-07,-7.049585617611247336e-09
1.026462109916175036e+00,4.843749999999999445e-01,-1.467419132892234935e-06,7.368736363532201119e-07,7.469122617701588959e-09
1.057712109916175036e+00,4.843749999999999445e-01,-1.442797050184354254e-06,7.328279880052408960e-07,1.712505268718968355e-08
1.088962109916175036e+00,4.843749999999999445e-01,-1.399271506358223223e-06,7.186202685708932497e-07,2.598429948241093150e-08
1.120212109916175036e+00,4.843749999999999445e-01,-1.339850331399175294e-06,6.951543002431387514e-07,3.329881955290205777e-08
1.151462109916175036e+00,4.843749999999999445e-01,-1.267482656735857667e-06,6.638057510622542797e-07,3.889765392772638854e-08
1.182712109916175036e+00,4.843749999999999445e-01,-1.185168487282902263e-06,6.263893255628934944e-07,4.322019733106284645e-08
1.213962109916175036e+00,4.843749999999999445e-01,-1.095480513785293848e-06,5.842388096282628824e-07,4.630899040903339946e-08
1.245212109916175036e+00,4.843749999999999445e-01,-1.000810106890127906e-06,5.385962139434406947e-07,4.821216255442583307e-08
1.276462109916175036e+00,4.843749999999999445e-01,-9.034145536321359900e-07,4.906783257796451856e-07,4.904081905975017468e-08
1.307712109916175036e+00,4.843749999999999445e-01,-8.053609569416458726e-07,4.415947664712680118e-07,4.888404059393941232e-08
1.338962109916175036e+00,4.843749999999999445e-01,-7.085240872252947730e-07,3.923650863577249638e-07,4.783700050466968136e-08
1.370212109916175036e+00,4.843749999999999445e-01,-6.145777163152119439e-07,3.439176830707424822e-07,4.600675296991452822e-08
1.401462109916175036e+00,4.843749999999999445e-01,-5.249797402883770683e-07,2.970761382577579264e-07,4.350321886089928607e-08
1.432712109916175036e+00,4.843749999999999445e-01,-4.409616960679537052e-07,2.525559998871151533e-07,4.044205407365740584e-08
1.463962109916175036e+00,4.843749999999999445e-01,-3.635187146649509952e-07,2.109586739004710200e-07,3.694401228067092529e-08
1.495212109916175036e+00,4.843749999999999445e-01,-2.934041106963189456e-07,1.727644747662239361e-07,3.312942085901427455e-08
1.526462109916175036e+00,4.843749999999999445e-01,-2.311327129233757058e-07,1.383325847609436139e-07,2.911646196307690986e-08
1.557712109916175036e+00,4.843749999999999445e-01,-1.769847943294264525e-07,1.079029424058410912e-07,2.502123643752606966e-08
1.588962109916175036e+00,4.843749999999999445e-01,-1.310128189944584343e-07,8.159750387635984598e-08,2.095520385951388498e-08
1.620212109916175036e+00,4.843749999999999445e-01,-9.305250423704687551e-08,5.942428384305928821e-08,1.702341817162055544e-08
1.651462109916175036e+00,4.843749999999999445e-01,-6.273655730807280042e-08,4.128368215678005344e-08,1.332367091966017242e-08
1.682712109916175036e+00,4.843749999999999445e-01,-3.951181862088132930e-08,2.697454621351188209e-08,9.943903706573012377e-09
1.713962109916175036e+00,4.843749999999999445e-01,-2.266267550697417809e-08,1.620110873298273226e-08,6.958709799912146585e-09
1.745212109916175036e+00,4.843749999999999445e-01,-1.132337919985013802e-08,8.593717193196717303e-09,4.440845000542025898e-09
1.776462109916175036e+00,4.843749999999999445e-01,-4.508822827258935353e-09,3.709309458051736497e-09,2.445904622728331489e-09
1.807712109916175036e+00,4.843749999999999445e-01,-1.099583176206831306e-09,1.034207198630464177e-09,1.034207198630463143e-09
1.838962109916175036e+00,4.843749999999999445e-01,0.000000000000000000e+00,2.217636058960100903e-11,1.435562687027867467e-10
8.660254037844387076e-01,4.999999999999999445e-01,0.000000000000000000e+00,1.982594414448639409e-07,-1.982594414447784965e-07
8.972754037844387076e-01,4.999999999999999445e-01,0.000000000000000000e+00,6.761402498963592440e-07,9.189461655598759585e-08
9.285254037844387076e-01,4.999999999999999445e-01,0.000000000000000000e+00,6.513448876184921296e-07,-3.826042590098241421e-08
9.597754037844387076e-01,4.999999999999999445e-01,0.000000000000000000e+00,7.215134109966881464e-07,3.458393002198420053e-09
9.910254037844387076e-01,4.999999999999999445e-01,0.000000000000000000e+00,7.352224311171291114e-07,1.590475335861661713e-09
1.022275403784438819e+00,4.999999999999999445e-01,0.000000000000000000e+00,7.347482937134519208e-07,-1.356432388049607104e-09
1.053525403784438819e+00,4.999999999999999445e-01,0.000000000000000000e+00,7.253268462502799629e-07,-5.263409096990241920e-12
1.084775403784438819e+00,4.999999999999999445e-01,0.000000000000000000e+00,7.048897664391194085e-07,7.720594392459335787e-11
1.116025403784438819e+00,4.999999999999999445e-01,0.000000000000000000e+00,6.759406392292830225e-07,-1.943999553263678349e-10
1.147275403784438819e+00,4.999999999999999445e-01,0.000000000000000000e+00,6.406470790438381385e-07,-8.797603415163604963e-11
1.178525403784438819e+00,4.999999999999999445e-01,0.000000000000000000e+00,6.001052755162473685e-07,-6.468958059127309777e-11
1.209775403784438819e+00,4.999999999999999445e-01,0.000000000000000000e+00,5.556582374195876679e-07,-8.385005089908294131e-11
1.241025403784438819e+00,4.999999999999999445e-01,0.000000000000000000e+00,5.085806414689640937e-07,-7.202343372892061429e-11
1.272275403784438819e+00,4.999999999999999445e-01,0.000000000000000000e+00,4.599814810702677282e-07,-6.431975568540562766e-11
1.303525403784438819e+00,4.999999999999999445e-01,0.000000000000000000e+00,4.109078762808777559e-07,-6.067356235688062279e-11
1.334775403784438819e+00,4.999999999999999445e-01,0.000000000000000000e+00,3.623175308193033299e-07,-5.386949340246763694e-11
1.366025403784438819e+00,4.999999999999999445e-01,0.000000000000000000e+00,3.150590093773277888e-07,-4.683240901427914978e-11
1.397275403784438819e+00,4.999999999999999445e-01,0.000000000000000000e+00,2.698758970417629836e-07,-3.998333514634768253e-11
1.428525403784438819e+00,4.999999999999999445e-01,0.000000000000000000e+00,2.274004776481655407e-07,-3.246007808323177597e-11
1.459775403784438819e+00,4.999999999999999445e-01,0.000000000000000000e+00,1.881461891132719096e-07,-2.483011026238497833e-11
1.491025403784438819e+00,4.999999999999999445e-01,0.000000000000000000e+00,1.525060401852554912e-07,-1.717075370373208002e-11
1.522275403784438819e+00,4.999999999999999445e-01,0.000000000000000000e+00,1.207533070224570649e-07,-9.767589369521245981e-12
1.553525403784438819e+00,4.999999999999999445e-01,0.000000000000000000e+00,9.304420348569522114e-08,-2.465153474607700142e-12
1.584775403784438819e+00,4.999999999999999445e-01,0.000000000000000000e+00,6.942006830854468558e-08,4.471143981253464168e-12
1.616025403784438819e+00,4.999999999999999445e-01,0.000000000000000000e+00,4.981326768878253595e-08,1.099870815802182616e-11
1.647275403784438819e+00,4.999999999999999445e-01,0.000000000000000000e+00,3.405359656101259762e-08,1.707875607933512513e-11
1.678525403784438819e+00,4.999999999999999445e-01,0.000000000000000000e+00,2.187634080081822019e-08,2.239235172624977235e-11
1.709775403784438819e+00,4.999999999999999445e-01,0.000000000000000000e+00,1.293442446804219289e-08,2.616665632305780557e-11
1.741025403784438819e+00,4.999999999999999445e-01,0.000000000000000000e+00,6.809086475180197801e-09,3.296832415475581091e-11
1.772275403784438819e+00,4.999999999999999445e-01,0.000000000000000000e+00,3.004063507551986881e-09,3.190045399308374068e-11
1.803525403784438819e+00,4.999999999999999445e-01,0.000000000000000000e+00,9.920529143395415281e-10,4.494133050310223527e-11
1.834775403784438819e+00,4.999999999999999445e-01,0.000000000000000000e+00,1.435562687027717540e-10,2.217636058958645259e-11
1.866025403784438819e+00,4.999999999999999445e-01,0.000000000000000000e+00,7.125683522513600578e-11,7.125683522513517860e-11
